;link_ID;date;time_interval;travel_time
0;9377906285566510514;2016-05-21;[2016-05-21 23:20:00,2016-05-21 23:22:00);17.6
1;3377906288228510514;2016-05-21;[2016-05-21 18:46:00,2016-05-21 18:48:00);3.5
2;3377906284395510514;2016-05-21;[2016-05-21 07:06:00,2016-05-21 07:08:00);10.0
3;4377906284959500514;2016-05-21;[2016-05-21 14:34:00,2016-05-21 14:36:00);3.5
4;9377906282776510514;2016-05-21;[2016-05-21 05:04:00,2016-05-21 05:06:00);1.5
5;3377906287674510514;2016-05-21;[2016-05-21 16:04:00,2016-05-21 16:06:00);34.1
6;4377906288869500514;2016-05-21;[2016-05-21 04:26:00,2016-05-21 04:28:00);9.5
7;4377906287959500514;2016-05-21;[2016-05-21 10:36:00,2016-05-21 10:38:00);52.8
8;4377906285525800514;2016-05-21;[2016-05-21 17:50:00,2016-05-21 17:52:00);16.7
9;4377906280241600514;2016-05-21;[2016-05-21 14:40:00,2016-05-21 14:42:00);21.9
10;4377906284769500514;2016-05-21;[2016-05-21 01:40:00,2016-05-21 01:42:00);0.5
11;4377906282541600514;2016-05-21;[2016-05-21 10:06:00,2016-05-21 10:08:00);89.4
12;4377906282541600514;2016-05-21;[2016-05-21 18:30:00,2016-05-21 18:32:00);86.5
13;4377906289425800514;2016-05-21;[2016-05-21 04:10:00,2016-05-21 04:12:00);13.2
14;3377906280395510514;2016-05-21;[2016-05-21 15:04:00,2016-05-21 15:06:00);37.8
15;4377906286681600514;2016-05-21;[2016-05-21 00:30:00,2016-05-21 00:32:00);1.1
16;4377906284141600514;2016-05-21;[2016-05-21 19:42:00,2016-05-21 19:44:00);8.1
17;4377906286032600514;2016-05-21;[2016-05-21 11:50:00,2016-05-21 11:52:00);34.4
18;4377906280344800514;2016-05-21;[2016-05-21 00:02:00,2016-05-21 00:04:00);2.3
19;3377906281518510514;2016-05-21;[2016-05-21 14:02:00,2016-05-21 14:04:00);6.1
20;4377906287863800514;2016-05-21;[2016-05-21 05:58:00,2016-05-21 06:00:00);8.9
21;9377906283776510514;2016-05-21;[2016-05-21 21:00:00,2016-05-21 21:02:00);20.0
22;4377906288738500514;2016-05-21;[2016-05-21 15:56:00,2016-05-21 15:58:00);11.3
23;4377906284141600514;2016-05-21;[2016-05-21 12:06:00,2016-05-21 12:08:00);7.6
24;9377906282776510514;2016-05-21;[2016-05-21 23:42:00,2016-05-21 23:44:00);1.2
25;4377906288959500514;2016-05-21;[2016-05-21 18:10:00,2016-05-21 18:12:00);13.3
26;4377906288893600514;2016-05-21;[2016-05-21 11:08:00,2016-05-21 11:10:00);36.1
27;3377906289228510514;2016-05-21;[2016-05-21 05:12:00,2016-05-21 05:14:00);3.2
28;4377906289425800514;2016-05-21;[2016-05-21 14:52:00,2016-05-21 14:54:00);59.7
29;4377906288869500514;2016-05-21;[2016-05-21 22:00:00,2016-05-21 22:02:00);41.7
30;9377906286566510514;2016-05-21;[2016-05-21 16:50:00,2016-05-21 16:52:00);73.4
31;4377906282763800514;2016-05-21;[2016-05-21 22:16:00,2016-05-21 22:18:00);16.1
32;4377906289243600514;2016-05-21;[2016-05-21 17:30:00,2016-05-21 17:32:00);1.3
33;4377906282969500514;2016-05-21;[2016-05-21 13:26:00,2016-05-21 13:28:00);17.2
34;4377906284759500514;2016-05-21;[2016-05-21 17:46:00,2016-05-21 17:48:00);6.9
35;9377906288175510514;2016-05-21;[2016-05-21 23:44:00,2016-05-21 23:46:00);9.8
36;4377906281241600514;2016-05-21;[2016-05-21 12:48:00,2016-05-21 12:50:00);20.7
37;4377906286843600514;2016-05-21;[2016-05-21 00:10:00,2016-05-21 00:12:00);25.7
38;3377906281518510514;2016-05-21;[2016-05-21 23:22:00,2016-05-21 23:24:00);3.0
39;3377906282418510514;2016-05-21;[2016-05-21 08:56:00,2016-05-21 08:58:00);3.5
40;4377906287063800514;2016-05-21;[2016-05-21 12:30:00,2016-05-21 12:32:00);24.2
41;4377906286843600514;2016-05-21;[2016-05-21 05:22:00,2016-05-21 05:24:00);21.5
42;4377906280344800514;2016-05-21;[2016-05-21 01:12:00,2016-05-21 01:14:00);4.1
43;4377906284141600514;2016-05-21;[2016-05-21 03:56:00,2016-05-21 03:58:00);8.1
44;4377906282769500514;2016-05-21;[2016-05-21 17:04:00,2016-05-21 17:06:00);16.2
45;4377906287194800514;2016-05-21;[2016-05-21 11:32:00,2016-05-21 11:34:00);16.6
46;4377906280913600514;2016-05-21;[2016-05-21 00:16:00,2016-05-21 00:18:00);4.9
47;4377906287243600514;2016-05-21;[2016-05-21 14:56:00,2016-05-21 14:58:00);18.5
48;4377906287169500514;2016-05-21;[2016-05-21 22:58:00,2016-05-21 23:00:00);34.8
49;4377906289244800514;2016-05-21;[2016-05-21 10:06:00,2016-05-21 10:08:00);10.8
50;4377906286141600514;2016-05-21;[2016-05-21 20:24:00,2016-05-21 20:26:00);4.0
51;4377906289863800514;2016-05-21;[2016-05-21 10:42:00,2016-05-21 10:44:00);12.0
52;9377906282776510514;2016-05-21;[2016-05-21 15:12:00,2016-05-21 15:14:00);4.8
53;3377906285934510514;2016-05-21;[2016-05-21 11:36:00,2016-05-21 11:38:00);35.3
54;3377906289044510514;2016-05-21;[2016-05-21 12:10:00,2016-05-21 12:12:00);6.1
55;3377906280395510514;2016-05-21;[2016-05-21 05:54:00,2016-05-21 05:56:00);11.0
56;3377906287886510514;2016-05-21;[2016-05-21 23:26:00,2016-05-21 23:28:00);23.7
57;3377906289228510514;2016-05-21;[2016-05-21 11:42:00,2016-05-21 11:44:00);9.3
58;4377906288738500514;2016-05-21;[2016-05-21 14:58:00,2016-05-21 15:00:00);12.4
59;4377906287869500514;2016-05-21;[2016-05-21 23:32:00,2016-05-21 23:34:00);28.7
60;4377906280969500514;2016-05-21;[2016-05-21 03:00:00,2016-05-21 03:02:00);2.1
61;4377906280241600514;2016-05-21;[2016-05-21 14:38:00,2016-05-21 14:40:00);20.1
62;4377906289813600514;2016-05-21;[2016-05-21 08:00:00,2016-05-21 08:02:00);2.0
63;4377906288243600514;2016-05-21;[2016-05-21 21:06:00,2016-05-21 21:08:00);7.4
64;4377906288243600514;2016-05-21;[2016-05-21 22:26:00,2016-05-21 22:28:00);5.0
65;4377906289863800514;2016-05-21;[2016-05-21 20:14:00,2016-05-21 20:16:00);27.2
66;4377906289863800514;2016-05-21;[2016-05-21 22:36:00,2016-05-21 22:38:00);16.9
67;4377906288194800514;2016-05-21;[2016-05-21 19:30:00,2016-05-21 19:32:00);12.9
68;4377906287425800514;2016-05-21;[2016-05-21 00:28:00,2016-05-21 00:30:00);17.0
69;4377906283525800514;2016-05-21;[2016-05-21 11:00:00,2016-05-21 11:02:00);92.4
70;4377906289525800514;2016-05-21;[2016-05-21 08:10:00,2016-05-21 08:12:00);2.2
71;4377906289525800514;2016-05-21;[2016-05-21 08:50:00,2016-05-21 08:52:00);3.2
72;4377906280141600514;2016-05-21;[2016-05-21 17:46:00,2016-05-21 17:48:00);70.5
73;4377906285141600514;2016-05-21;[2016-05-21 04:16:00,2016-05-21 04:18:00);1.1
74;4377906285141600514;2016-05-21;[2016-05-21 15:26:00,2016-05-21 15:28:00);4.5
75;3377906289674510514;2016-05-21;[2016-05-21 15:54:00,2016-05-21 15:56:00);10.0
76;4377906285032600514;2016-05-21;[2016-05-21 16:06:00,2016-05-21 16:08:00);29.0
77;4377906287959500514;2016-05-21;[2016-05-21 22:52:00,2016-05-21 22:54:00);41.3
78;4377906287243600514;2016-05-21;[2016-05-21 22:02:00,2016-05-21 22:04:00);6.2
79;4377906287243600514;2016-05-21;[2016-05-21 23:34:00,2016-05-21 23:36:00);3.5
80;4377906284653600514;2016-05-21;[2016-05-21 17:46:00,2016-05-21 17:48:00);24.2
81;4377906284759500514;2016-05-21;[2016-05-21 00:48:00,2016-05-21 00:50:00);1.7
82;4377906287663800514;2016-05-21;[2016-05-21 13:00:00,2016-05-21 13:02:00);97.4
83;4377906282759500514;2016-05-21;[2016-05-21 10:24:00,2016-05-21 10:26:00);9.9
84;4377906281784800514;2016-05-21;[2016-05-21 07:46:00,2016-05-21 07:48:00);8.4
85;4377906284838500514;2016-05-21;[2016-05-21 13:42:00,2016-05-21 13:44:00);25.0
86;4377906288738500514;2016-05-21;[2016-05-21 16:04:00,2016-05-21 16:06:00);10.9
87;4377906288869500514;2016-05-21;[2016-05-21 07:34:00,2016-05-21 07:36:00);10.2
88;4377906283769500514;2016-05-21;[2016-05-21 19:32:00,2016-05-21 19:34:00);3.4
89;4377906283769500514;2016-05-21;[2016-05-21 00:58:00,2016-05-21 01:00:00);1.7
90;4377906289041600514;2016-05-21;[2016-05-21 01:14:00,2016-05-21 01:16:00);64.0
91;4377906286169500514;2016-05-21;[2016-05-21 06:06:00,2016-05-21 06:08:00);6.5
92;4377906282763800514;2016-05-21;[2016-05-21 03:26:00,2016-05-21 03:28:00);13.5
93;4377906280241600514;2016-05-21;[2016-05-21 07:04:00,2016-05-21 07:06:00);11.8
94;4377906289869500514;2016-05-21;[2016-05-21 12:08:00,2016-05-21 12:10:00);8.7
95;4377906283141600514;2016-05-21;[2016-05-21 08:48:00,2016-05-21 08:50:00);4.0
96;4377906287194800514;2016-05-21;[2016-05-21 16:20:00,2016-05-21 16:22:00);25.0
97;4377906287194800514;2016-05-21;[2016-05-21 18:18:00,2016-05-21 18:20:00);102.0
98;4377906284422600514;2016-05-21;[2016-05-21 03:56:00,2016-05-21 03:58:00);6.1
99;3377906281518510514;2016-05-21;[2016-05-21 13:16:00,2016-05-21 13:18:00);6.2
100;4377906280334600514;2016-05-21;[2016-05-21 01:12:00,2016-05-21 01:14:00);16.2
101;4377906285032600514;2016-05-21;[2016-05-21 19:30:00,2016-05-21 19:32:00);29.1
102;4377906284141600514;2016-05-21;[2016-05-21 03:00:00,2016-05-21 03:02:00);7.0
103;4377906287169500514;2016-05-21;[2016-05-21 08:46:00,2016-05-21 08:48:00);19.3
104;4377906280141600514;2016-05-21;[2016-05-21 09:30:00,2016-05-21 09:32:00);8.8
105;3377906287886510514;2016-05-21;[2016-05-21 18:48:00,2016-05-21 18:50:00);36.5
106;4377906280913600514;2016-05-21;[2016-05-21 02:26:00,2016-05-21 02:28:00);5.6
107;4377906280913600514;2016-05-21;[2016-05-21 07:32:00,2016-05-21 07:34:00);3.7
108;4377906287243600514;2016-05-21;[2016-05-21 16:02:00,2016-05-21 16:04:00);14.8
109;4377906282141600514;2016-05-21;[2016-05-21 15:58:00,2016-05-21 16:00:00);8.6
110;3377906283328510514;2016-05-21;[2016-05-21 10:10:00,2016-05-21 10:12:00);15.3
111;9377906285566510514;2016-05-21;[2016-05-21 02:58:00,2016-05-21 03:00:00);13.4
112;3377906283328510514;2016-05-21;[2016-05-21 15:42:00,2016-05-21 15:44:00);16.6
113;4377906288194800514;2016-05-21;[2016-05-21 07:56:00,2016-05-21 07:58:00);11.0
114;4377906285334600514;2016-05-21;[2016-05-21 09:24:00,2016-05-21 09:26:00);12.8
115;4377906284838500514;2016-05-21;[2016-05-21 10:18:00,2016-05-21 10:20:00);19.8
116;4377906283141600514;2016-05-21;[2016-05-21 07:08:00,2016-05-21 07:10:00);4.9
117;4377906289041600514;2016-05-21;[2016-05-21 10:08:00,2016-05-21 10:10:00);49.1
118;4377906288234600514;2016-05-21;[2016-05-21 20:00:00,2016-05-21 20:02:00);22.2
119;4377906281141600514;2016-05-21;[2016-05-21 18:52:00,2016-05-21 18:54:00);21.1
120;3377906289044510514;2016-05-21;[2016-05-21 21:28:00,2016-05-21 21:30:00);7.5
121;4377906285525800514;2016-05-21;[2016-05-21 20:14:00,2016-05-21 20:16:00);5.6
122;4377906285525800514;2016-05-21;[2016-05-21 22:36:00,2016-05-21 22:38:00);8.6
123;4377906288893600514;2016-05-21;[2016-05-21 07:12:00,2016-05-21 07:14:00);6.7
124;4377906286343600514;2016-05-21;[2016-05-21 18:34:00,2016-05-21 18:36:00);95.4
125;4377906282141600514;2016-05-21;[2016-05-21 22:56:00,2016-05-21 22:58:00);4.6
126;4377906282969500514;2016-05-21;[2016-05-21 06:42:00,2016-05-21 06:44:00);10.5
127;9377906286566510514;2016-05-21;[2016-05-21 21:52:00,2016-05-21 21:54:00);43.4
128;4377906280763800514;2016-05-21;[2016-05-21 09:04:00,2016-05-21 09:06:00);26.2
129;9377906284555510514;2016-05-21;[2016-05-21 14:08:00,2016-05-21 14:10:00);1.6
130;4377906289141600514;2016-05-21;[2016-05-21 15:34:00,2016-05-21 15:36:00);13.6
131;4377906288243600514;2016-05-21;[2016-05-21 14:34:00,2016-05-21 14:36:00);13.2
132;3377906289674510514;2016-05-21;[2016-05-21 13:52:00,2016-05-21 13:54:00);6.8
133;4377906285041600514;2016-05-21;[2016-05-21 00:30:00,2016-05-21 00:32:00);2.9
134;4377906288041600514;2016-05-21;[2016-05-21 00:48:00,2016-05-21 00:50:00);12.1
135;4377906285759500514;2016-05-21;[2016-05-21 23:46:00,2016-05-21 23:48:00);44.7
136;4377906286843600514;2016-05-21;[2016-05-21 11:22:00,2016-05-21 11:24:00);50.4
137;4377906285594800514;2016-05-21;[2016-05-21 18:10:00,2016-05-21 18:12:00);117.0
138;4377906285525800514;2016-05-21;[2016-05-21 08:18:00,2016-05-21 08:20:00);7.3
139;4377906289813600514;2016-05-21;[2016-05-21 06:38:00,2016-05-21 06:40:00);1.1
140;3377906286918510514;2016-05-21;[2016-05-21 17:44:00,2016-05-21 17:46:00);22.4
141;4377906284594800514;2016-05-21;[2016-05-21 17:56:00,2016-05-21 17:58:00);530.6
142;4377906280163800514;2016-05-21;[2016-05-21 06:38:00,2016-05-21 06:40:00);18.3
143;4377906289063800514;2016-05-21;[2016-05-21 21:10:00,2016-05-21 21:12:00);26.8
144;4377906288869500514;2016-05-21;[2016-05-21 15:52:00,2016-05-21 15:54:00);30.1
145;4377906280969500514;2016-05-21;[2016-05-21 16:50:00,2016-05-21 16:52:00);3.5
146;4377906280913600514;2016-05-21;[2016-05-21 14:26:00,2016-05-21 14:28:00);7.8
147;4377906283759500514;2016-05-21;[2016-05-21 08:14:00,2016-05-21 08:16:00);6.3
148;4377906289041600514;2016-05-21;[2016-05-21 12:24:00,2016-05-21 12:26:00);36.5
149;4377906283141600514;2016-05-21;[2016-05-21 20:54:00,2016-05-21 20:56:00);3.5
150;3377906282418510514;2016-05-21;[2016-05-21 05:50:00,2016-05-21 05:52:00);2.6
151;4377906288425800514;2016-05-21;[2016-05-21 01:02:00,2016-05-21 01:04:00);19.5
152;4377906285141600514;2016-05-21;[2016-05-21 01:16:00,2016-05-21 01:18:00);3.7
153;4377906281969500514;2016-05-21;[2016-05-21 15:36:00,2016-05-21 15:38:00);1.0
154;4377906287243600514;2016-05-21;[2016-05-21 02:44:00,2016-05-21 02:46:00);9.6
155;3377906284395510514;2016-05-21;[2016-05-21 15:50:00,2016-05-21 15:52:00);6.4
156;9377906281555510514;2016-05-21;[2016-05-21 08:40:00,2016-05-21 08:42:00);4.7
157;4377906286681600514;2016-05-21;[2016-05-21 20:38:00,2016-05-21 20:40:00);2.5
158;9377906281555510514;2016-05-21;[2016-05-21 20:16:00,2016-05-21 20:18:00);3.6
159;4377906283141600514;2016-05-21;[2016-05-21 00:08:00,2016-05-21 00:10:00);3.2
160;9377906288175510514;2016-05-21;[2016-05-21 05:32:00,2016-05-21 05:34:00);6.3
161;4377906284594800514;2016-05-21;[2016-05-21 03:30:00,2016-05-21 03:32:00);34.3
162;4377906284594800514;2016-05-21;[2016-05-21 14:02:00,2016-05-21 14:04:00);251.4
163;3377906282328510514;2016-05-21;[2016-05-21 11:48:00,2016-05-21 11:50:00);7.7
164;3377906287934510514;2016-05-21;[2016-05-21 12:42:00,2016-05-21 12:44:00);4.3
165;3377906289674510514;2016-05-21;[2016-05-21 03:46:00,2016-05-21 03:48:00);6.0
166;4377906281141600514;2016-05-21;[2016-05-21 09:48:00,2016-05-21 09:50:00);16.8
167;4377906282769500514;2016-05-21;[2016-05-21 22:00:00,2016-05-21 22:02:00);15.5
168;4377906284514600514;2016-05-21;[2016-05-21 14:44:00,2016-05-21 14:46:00);37.9
169;3377906280028510514;2016-05-21;[2016-05-21 23:10:00,2016-05-21 23:12:00);5.4
170;3377906289228510514;2016-05-21;[2016-05-21 19:16:00,2016-05-21 19:18:00);6.7
171;4377906286032600514;2016-05-21;[2016-05-21 09:54:00,2016-05-21 09:56:00);29.4
172;4377906289663800514;2016-05-21;[2016-05-21 03:26:00,2016-05-21 03:28:00);13.4
173;4377906285759500514;2016-05-21;[2016-05-21 17:38:00,2016-05-21 17:40:00);81.7
174;4377906283815800514;2016-05-21;[2016-05-21 10:06:00,2016-05-21 10:08:00);2.6
175;4377906282769500514;2016-05-21;[2016-05-21 16:04:00,2016-05-21 16:06:00);33.4
176;4377906285041600514;2016-05-21;[2016-05-21 00:50:00,2016-05-21 00:52:00);2.5
177;4377906289041600514;2016-05-21;[2016-05-21 10:12:00,2016-05-21 10:14:00);31.2
178;4377906280141600514;2016-05-21;[2016-05-21 02:00:00,2016-05-21 02:02:00);5.5
179;4377906285141600514;2016-05-21;[2016-05-21 02:12:00,2016-05-21 02:14:00);3.9
180;4377906288893600514;2016-05-21;[2016-05-21 04:42:00,2016-05-21 04:44:00);4.9
181;4377906284514600514;2016-05-21;[2016-05-21 13:40:00,2016-05-21 13:42:00);12.8
182;4377906280163800514;2016-05-21;[2016-05-21 08:24:00,2016-05-21 08:26:00);27.4
183;4377906280784800514;2016-05-21;[2016-05-21 15:38:00,2016-05-21 15:40:00);42.5
184;3377906285434510514;2016-05-21;[2016-05-21 05:40:00,2016-05-21 05:42:00);1.0
185;3377906281774510514;2016-05-21;[2016-05-21 05:54:00,2016-05-21 05:56:00);9.8
186;3377906284395510514;2016-05-21;[2016-05-21 05:28:00,2016-05-21 05:30:00);4.6
187;3377906280028510514;2016-05-21;[2016-05-21 00:48:00,2016-05-21 00:50:00);8.0
188;3377906288228510514;2016-05-21;[2016-05-21 03:40:00,2016-05-21 03:42:00);3.2
189;4377906280329500514;2016-05-21;[2016-05-21 07:34:00,2016-05-21 07:36:00);36.2
190;4377906281041600514;2016-05-21;[2016-05-21 12:32:00,2016-05-21 12:34:00);5.2
191;4377906282541600514;2016-05-21;[2016-05-21 09:08:00,2016-05-21 09:10:00);40.7
192;3377906284028510514;2016-05-21;[2016-05-21 16:42:00,2016-05-21 16:44:00);98.0
193;4377906288063800514;2016-05-21;[2016-05-21 19:18:00,2016-05-21 19:20:00);28.2
194;3377906280028510514;2016-05-21;[2016-05-21 16:32:00,2016-05-21 16:34:00);7.5
195;4377906280141600514;2016-05-21;[2016-05-21 13:32:00,2016-05-21 13:34:00);69.8
196;4377906286041600514;2016-05-21;[2016-05-21 20:06:00,2016-05-21 20:08:00);5.0
197;3377906281518510514;2016-05-21;[2016-05-21 15:24:00,2016-05-21 15:26:00);4.5
198;4377906285343600514;2016-05-21;[2016-05-21 17:18:00,2016-05-21 17:20:00);55.0
199;3377906284395510514;2016-05-21;[2016-05-21 11:34:00,2016-05-21 11:36:00);8.3
200;9377906283776510514;2016-05-21;[2016-05-21 02:58:00,2016-05-21 03:00:00);10.0
201;4377906288063800514;2016-05-21;[2016-05-21 20:42:00,2016-05-21 20:44:00);22.3
202;4377906289063800514;2016-05-21;[2016-05-21 10:14:00,2016-05-21 10:16:00);16.7
203;4377906289243600514;2016-05-21;[2016-05-21 09:12:00,2016-05-21 09:14:00);1.8
204;9377906283125510514;2016-05-21;[2016-05-21 10:14:00,2016-05-21 10:16:00);18.4
205;4377906284594800514;2016-05-21;[2016-05-21 22:14:00,2016-05-21 22:16:00);24.4
206;4377906288869500514;2016-05-21;[2016-05-21 19:16:00,2016-05-21 19:18:00);8.7
207;4377906282769500514;2016-05-21;[2016-05-21 08:22:00,2016-05-21 08:24:00);14.7
208;4377906283759500514;2016-05-21;[2016-05-21 17:56:00,2016-05-21 17:58:00);6.7
209;3377906282328510514;2016-05-21;[2016-05-21 23:48:00,2016-05-21 23:50:00);3.8
210;4377906284525800514;2016-05-21;[2016-05-21 10:28:00,2016-05-21 10:30:00);234.5
211;4377906288893600514;2016-05-21;[2016-05-21 11:38:00,2016-05-21 11:40:00);37.9
212;3377906281518510514;2016-05-21;[2016-05-21 23:12:00,2016-05-21 23:14:00);3.3
213;4377906289063800514;2016-05-21;[2016-05-21 00:28:00,2016-05-21 00:30:00);14.3
214;4377906288959500514;2016-05-21;[2016-05-21 02:46:00,2016-05-21 02:48:00);8.7
215;4377906287959500514;2016-05-21;[2016-05-21 16:00:00,2016-05-21 16:02:00);58.1
216;3377906285934510514;2016-05-21;[2016-05-21 07:12:00,2016-05-21 07:14:00);21.0
217;4377906285334600514;2016-05-21;[2016-05-21 10:16:00,2016-05-21 10:18:00);22.5
218;4377906285334600514;2016-05-21;[2016-05-21 19:42:00,2016-05-21 19:44:00);7.8
219;4377906287959500514;2016-05-21;[2016-05-21 11:12:00,2016-05-21 11:14:00);20.9
220;4377906284759500514;2016-05-21;[2016-05-21 16:50:00,2016-05-21 16:52:00);2.3
221;4377906280763800514;2016-05-21;[2016-05-21 08:40:00,2016-05-21 08:42:00);12.1
222;3377906289228510514;2016-05-21;[2016-05-21 02:16:00,2016-05-21 02:18:00);3.7
223;4377906288194800514;2016-05-21;[2016-05-21 08:54:00,2016-05-21 08:56:00);13.4
224;3377906284028510514;2016-05-21;[2016-05-21 17:30:00,2016-05-21 17:32:00);33.3
225;9377906288175510514;2016-05-21;[2016-05-21 22:32:00,2016-05-21 22:34:00);6.6
226;3377906281518510514;2016-05-21;[2016-05-21 09:06:00,2016-05-21 09:08:00);3.3
227;9377906289175510514;2016-05-21;[2016-05-21 11:36:00,2016-05-21 11:38:00);5.8
228;4377906282815800514;2016-05-21;[2016-05-21 01:56:00,2016-05-21 01:58:00);5.5
229;3377906287886510514;2016-05-21;[2016-05-21 13:12:00,2016-05-21 13:14:00);37.9
230;3377906289674510514;2016-05-21;[2016-05-21 17:06:00,2016-05-21 17:08:00);6.1
231;4377906286681600514;2016-05-21;[2016-05-21 01:24:00,2016-05-21 01:26:00);1.2
232;4377906286141600514;2016-05-21;[2016-05-21 11:12:00,2016-05-21 11:14:00);2.3
233;4377906289869500514;2016-05-21;[2016-05-21 02:56:00,2016-05-21 02:58:00);5.7
234;4377906282763800514;2016-05-21;[2016-05-21 08:18:00,2016-05-21 08:20:00);18.8
235;4377906287063800514;2016-05-21;[2016-05-21 06:20:00,2016-05-21 06:22:00);22.8
236;9377906285566510514;2016-05-21;[2016-05-21 18:46:00,2016-05-21 18:48:00);17.2
237;4377906286843600514;2016-05-21;[2016-05-21 09:46:00,2016-05-21 09:48:00);19.0
238;4377906285525800514;2016-05-21;[2016-05-21 05:38:00,2016-05-21 05:40:00);5.6
239;4377906285343600514;2016-05-21;[2016-05-21 15:44:00,2016-05-21 15:46:00);50.4
240;4377906285681600514;2016-05-21;[2016-05-21 05:16:00,2016-05-21 05:18:00);3.7
241;4377906284141600514;2016-05-21;[2016-05-21 16:48:00,2016-05-21 16:50:00);11.0
242;4377906284141600514;2016-05-21;[2016-05-21 14:52:00,2016-05-21 14:54:00);9.4
243;4377906281959500514;2016-05-21;[2016-05-21 18:22:00,2016-05-21 18:24:00);14.7
244;4377906281959500514;2016-05-21;[2016-05-21 16:36:00,2016-05-21 16:38:00);7.6
245;4377906284759500514;2016-05-21;[2016-05-21 10:48:00,2016-05-21 10:50:00);1.3
246;4377906284759500514;2016-05-21;[2016-05-21 06:58:00,2016-05-21 07:00:00);1.0
247;3377906284028510514;2016-05-21;[2016-05-21 21:40:00,2016-05-21 21:42:00);27.7
248;4377906287194800514;2016-05-21;[2016-05-21 07:16:00,2016-05-21 07:18:00);13.3
249;4377906281784800514;2016-05-21;[2016-05-21 13:38:00,2016-05-21 13:40:00);25.6
250;4377906283525800514;2016-05-21;[2016-05-21 16:42:00,2016-05-21 16:44:00);81.8
251;3377906287886510514;2016-05-21;[2016-05-21 18:22:00,2016-05-21 18:24:00);88.3
252;4377906285759500514;2016-05-21;[2016-05-21 02:40:00,2016-05-21 02:42:00);20.7
253;4377906289425800514;2016-05-21;[2016-05-21 12:04:00,2016-05-21 12:06:00);87.2
254;4377906284759500514;2016-05-21;[2016-05-21 03:58:00,2016-05-21 04:00:00);1.1
255;4377906287243600514;2016-05-21;[2016-05-21 13:12:00,2016-05-21 13:14:00);9.2
256;9377906289175510514;2016-05-21;[2016-05-21 23:56:00,2016-05-21 23:58:00);4.1
257;4377906286334600514;2016-05-21;[2016-05-21 10:24:00,2016-05-21 10:26:00);24.0
258;4377906288063800514;2016-05-21;[2016-05-21 11:08:00,2016-05-21 11:10:00);26.2
259;4377906285525800514;2016-05-21;[2016-05-21 10:56:00,2016-05-21 10:58:00);12.4
260;4377906286525800514;2016-05-21;[2016-05-21 21:04:00,2016-05-21 21:06:00);3.0
261;9377906286566510514;2016-05-21;[2016-05-21 17:52:00,2016-05-21 17:54:00);55.2
262;3377906287886510514;2016-05-21;[2016-05-21 16:36:00,2016-05-21 16:38:00);89.1
263;4377906287141600514;2016-05-21;[2016-05-21 16:20:00,2016-05-21 16:22:00);10.0
264;4377906287141600514;2016-05-21;[2016-05-21 14:58:00,2016-05-21 15:00:00);8.5
265;4377906281763800514;2016-05-21;[2016-05-21 02:52:00,2016-05-21 02:54:00);2.7
266;4377906285343600514;2016-05-21;[2016-05-21 12:14:00,2016-05-21 12:16:00);9.0
267;4377906280784800514;2016-05-21;[2016-05-21 16:16:00,2016-05-21 16:18:00);42.2
268;3377906289044510514;2016-05-21;[2016-05-21 08:10:00,2016-05-21 08:12:00);7.6
269;4377906281141600514;2016-05-21;[2016-05-21 08:58:00,2016-05-21 09:00:00);14.6
270;3377906281518510514;2016-05-21;[2016-05-21 20:26:00,2016-05-21 20:28:00);3.6
271;4377906288421600514;2016-05-21;[2016-05-21 10:20:00,2016-05-21 10:22:00);17.7
272;3377906281518510514;2016-05-21;[2016-05-21 03:08:00,2016-05-21 03:10:00);2.4
273;4377906288893600514;2016-05-21;[2016-05-21 18:20:00,2016-05-21 18:22:00);46.2
274;4377906283769500514;2016-05-21;[2016-05-21 17:20:00,2016-05-21 17:22:00);2.9
275;4377906285594800514;2016-05-21;[2016-05-21 11:44:00,2016-05-21 11:46:00);18.0
276;4377906288959500514;2016-05-21;[2016-05-21 12:46:00,2016-05-21 12:48:00);13.3
277;9377906284555510514;2016-05-21;[2016-05-21 01:42:00,2016-05-21 01:44:00);1.6
278;4377906289041600514;2016-05-21;[2016-05-21 17:02:00,2016-05-21 17:04:00);33.4
279;9377906283125510514;2016-05-21;[2016-05-21 18:50:00,2016-05-21 18:52:00);16.5
280;4377906281741600514;2016-05-21;[2016-05-21 05:06:00,2016-05-21 05:08:00);11.3
281;4377906286032600514;2016-05-21;[2016-05-21 10:18:00,2016-05-21 10:20:00);31.0
282;4377906287243600514;2016-05-21;[2016-05-21 19:16:00,2016-05-21 19:18:00);10.6
283;4377906283759500514;2016-05-21;[2016-05-21 01:46:00,2016-05-21 01:48:00);5.3
284;3377906283328510514;2016-05-21;[2016-05-21 14:38:00,2016-05-21 14:40:00);9.1
285;4377906289063800514;2016-05-21;[2016-05-21 14:42:00,2016-05-21 14:44:00);38.4
286;4377906287663800514;2016-05-21;[2016-05-21 11:38:00,2016-05-21 11:40:00);39.0
287;3377906284028510514;2016-05-21;[2016-05-21 21:26:00,2016-05-21 21:28:00);28.4
288;4377906289863800514;2016-05-21;[2016-05-21 13:26:00,2016-05-21 13:28:00);11.9
289;4377906283815800514;2016-05-21;[2016-05-21 12:42:00,2016-05-21 12:44:00);3.7
290;4377906283815800514;2016-05-21;[2016-05-21 14:52:00,2016-05-21 14:54:00);3.4
291;3377906285434510514;2016-05-21;[2016-05-21 16:14:00,2016-05-21 16:16:00);2.0
292;4377906287869500514;2016-05-21;[2016-05-21 09:46:00,2016-05-21 09:48:00);16.8
293;4377906281041600514;2016-05-21;[2016-05-21 16:36:00,2016-05-21 16:38:00);6.0
294;4377906281041600514;2016-05-21;[2016-05-21 18:22:00,2016-05-21 18:24:00);5.5
295;3377906287674510514;2016-05-21;[2016-05-21 17:40:00,2016-05-21 17:42:00);25.7
296;9377906282776510514;2016-05-21;[2016-05-21 01:14:00,2016-05-21 01:16:00);1.9
297;3377906282328510514;2016-05-21;[2016-05-21 06:30:00,2016-05-21 06:32:00);5.0
298;4377906281763800514;2016-05-21;[2016-05-21 02:50:00,2016-05-21 02:52:00);2.5
299;4377906285681600514;2016-05-21;[2016-05-21 01:18:00,2016-05-21 01:20:00);3.1
300;4377906285681600514;2016-05-21;[2016-05-21 11:06:00,2016-05-21 11:08:00);8.3
301;4377906281784800514;2016-05-21;[2016-05-21 18:22:00,2016-05-21 18:24:00);9.8
302;4377906287194800514;2016-05-21;[2016-05-21 06:54:00,2016-05-21 06:56:00);14.0
303;4377906288194800514;2016-05-21;[2016-05-21 07:02:00,2016-05-21 07:04:00);7.8
304;4377906288194800514;2016-05-21;[2016-05-21 13:56:00,2016-05-21 13:58:00);14.7
305;4377906285343600514;2016-05-21;[2016-05-21 22:32:00,2016-05-21 22:34:00);82.0
306;4377906283525800514;2016-05-21;[2016-05-21 06:00:00,2016-05-21 06:02:00);53.1
307;4377906286343600514;2016-05-21;[2016-05-21 09:24:00,2016-05-21 09:26:00);12.1
308;9377906284555510514;2016-05-21;[2016-05-21 03:58:00,2016-05-21 04:00:00);1.7
309;4377906284653600514;2016-05-21;[2016-05-21 09:32:00,2016-05-21 09:34:00);39.8
310;3377906287886510514;2016-05-21;[2016-05-21 22:44:00,2016-05-21 22:46:00);20.9
311;3377906282418510514;2016-05-21;[2016-05-21 06:40:00,2016-05-21 06:42:00);3.0
312;4377906283815800514;2016-05-21;[2016-05-21 19:28:00,2016-05-21 19:30:00);2.9
313;4377906280234600514;2016-05-21;[2016-05-21 01:24:00,2016-05-21 01:26:00);1.4
314;4377906286032600514;2016-05-21;[2016-05-21 19:26:00,2016-05-21 19:28:00);39.7
315;9377906285566510514;2016-05-21;[2016-05-21 16:42:00,2016-05-21 16:44:00);22.5
316;4377906285141600514;2016-05-21;[2016-05-21 23:08:00,2016-05-21 23:10:00);1.9
317;4377906288063800514;2016-05-21;[2016-05-21 17:28:00,2016-05-21 17:30:00);38.4
318;4377906286343600514;2016-05-21;[2016-05-21 09:54:00,2016-05-21 09:56:00);15.5
319;4377906284141600514;2016-05-21;[2016-05-21 23:08:00,2016-05-21 23:10:00);8.1
320;4377906281141600514;2016-05-21;[2016-05-21 20:22:00,2016-05-21 20:24:00);15.0
321;4377906288041600514;2016-05-21;[2016-05-21 02:46:00,2016-05-21 02:48:00);11.9
322;4377906280344800514;2016-05-21;[2016-05-21 10:08:00,2016-05-21 10:10:00);2.4
323;4377906284838500514;2016-05-21;[2016-05-21 07:58:00,2016-05-21 08:00:00);17.2
324;4377906281041600514;2016-05-21;[2016-05-21 19:08:00,2016-05-21 19:10:00);5.3
325;4377906281041600514;2016-05-21;[2016-05-21 18:38:00,2016-05-21 18:40:00);6.1
326;4377906280815800514;2016-05-21;[2016-05-21 05:54:00,2016-05-21 05:56:00);9.9
327;3377906282418510514;2016-05-21;[2016-05-21 02:48:00,2016-05-21 02:50:00);2.5
328;3377906281774510514;2016-05-21;[2016-05-21 23:12:00,2016-05-21 23:14:00);10.0
329;3377906289674510514;2016-05-21;[2016-05-21 15:58:00,2016-05-21 16:00:00);9.6
330;4377906287959500514;2016-05-21;[2016-05-21 12:46:00,2016-05-21 12:48:00);38.6
331;4377906284959500514;2016-05-21;[2016-05-21 21:00:00,2016-05-21 21:02:00);2.4
332;4377906284959500514;2016-05-21;[2016-05-21 06:32:00,2016-05-21 06:34:00);4.0
333;4377906281959500514;2016-05-21;[2016-05-21 11:34:00,2016-05-21 11:36:00);8.5
334;4377906286525800514;2016-05-21;[2016-05-21 14:40:00,2016-05-21 14:42:00);3.6
335;4377906282759500514;2016-05-21;[2016-05-21 22:04:00,2016-05-21 22:06:00);6.5
336;3377906285934510514;2016-05-21;[2016-05-21 08:30:00,2016-05-21 08:32:00);15.1
337;4377906289525800514;2016-05-21;[2016-05-21 21:06:00,2016-05-21 21:08:00);2.4
338;4377906288663800514;2016-05-21;[2016-05-21 10:48:00,2016-05-21 10:50:00);7.2
339;4377906287663800514;2016-05-21;[2016-05-21 11:24:00,2016-05-21 11:26:00);66.0
340;4377906285334600514;2016-05-21;[2016-05-21 03:28:00,2016-05-21 03:30:00);9.6
341;4377906281234600514;2016-05-21;[2016-05-21 08:04:00,2016-05-21 08:06:00);2.2
342;4377906280863800514;2016-05-21;[2016-05-21 00:12:00,2016-05-21 00:14:00);11.6
343;4377906282763800514;2016-05-21;[2016-05-21 23:04:00,2016-05-21 23:06:00);30.5
344;4377906283422600514;2016-05-21;[2016-05-21 23:02:00,2016-05-21 23:04:00);1.8
345;4377906289813600514;2016-05-21;[2016-05-21 06:42:00,2016-05-21 06:44:00);1.7
346;4377906288869500514;2016-05-21;[2016-05-21 15:00:00,2016-05-21 15:02:00);35.2
347;4377906286169500514;2016-05-21;[2016-05-21 05:06:00,2016-05-21 05:08:00);13.9
348;4377906288194800514;2016-05-21;[2016-05-21 13:20:00,2016-05-21 13:22:00);14.9
349;4377906286681600514;2016-05-21;[2016-05-21 09:28:00,2016-05-21 09:30:00);1.3
350;4377906282959500514;2016-05-21;[2016-05-21 08:20:00,2016-05-21 08:22:00);15.9
351;4377906286843600514;2016-05-21;[2016-05-21 23:18:00,2016-05-21 23:20:00);19.5
352;3377906283328510514;2016-05-21;[2016-05-21 09:36:00,2016-05-21 09:38:00);7.6
353;3377906285934510514;2016-05-21;[2016-05-21 21:54:00,2016-05-21 21:56:00);10.9
354;3377906283328510514;2016-05-21;[2016-05-21 00:40:00,2016-05-21 00:42:00);7.4
355;4377906286343600514;2016-05-21;[2016-05-21 23:02:00,2016-05-21 23:04:00);121.4
356;4377906284525800514;2016-05-21;[2016-05-21 01:34:00,2016-05-21 01:36:00);67.3
357;4377906285525800514;2016-05-21;[2016-05-21 18:44:00,2016-05-21 18:46:00);9.9
358;3377906280028510514;2016-05-21;[2016-05-21 13:36:00,2016-05-21 13:38:00);6.3
359;3377906282418510514;2016-05-21;[2016-05-21 17:16:00,2016-05-21 17:18:00);3.7
360;3377906280028510514;2016-05-21;[2016-05-21 07:02:00,2016-05-21 07:04:00);4.6
361;4377906282532600514;2016-05-21;[2016-05-21 07:02:00,2016-05-21 07:04:00);2.3
362;4377906289041600514;2016-05-21;[2016-05-21 13:22:00,2016-05-21 13:24:00);26.6
363;4377906287869500514;2016-05-21;[2016-05-21 02:06:00,2016-05-21 02:08:00);15.5
364;9377906282776510514;2016-05-21;[2016-05-21 09:00:00,2016-05-21 09:02:00);1.3
365;4377906287169500514;2016-05-21;[2016-05-21 23:14:00,2016-05-21 23:16:00);13.3
366;3377906285434510514;2016-05-21;[2016-05-21 06:34:00,2016-05-21 06:36:00);1.3
367;4377906287169500514;2016-05-21;[2016-05-21 18:56:00,2016-05-21 18:58:00);42.1
368;4377906283959500514;2016-05-21;[2016-05-21 01:28:00,2016-05-21 01:30:00);10.1
369;4377906282959500514;2016-05-21;[2016-05-21 20:18:00,2016-05-21 20:20:00);16.4
370;3377906283328510514;2016-05-21;[2016-05-21 16:10:00,2016-05-21 16:12:00);10.4
371;3377906282418510514;2016-05-21;[2016-05-21 12:22:00,2016-05-21 12:24:00);4.1
372;3377906284395510514;2016-05-21;[2016-05-21 11:58:00,2016-05-21 12:00:00);9.5
373;3377906285934510514;2016-05-21;[2016-05-21 23:54:00,2016-05-21 23:56:00);10.6
374;9377906285566510514;2016-05-21;[2016-05-21 11:36:00,2016-05-21 11:38:00);20.2
375;4377906286343600514;2016-05-21;[2016-05-21 04:32:00,2016-05-21 04:34:00);8.1
376;4377906285032600514;2016-05-21;[2016-05-21 10:56:00,2016-05-21 10:58:00);52.9
377;3377906285934510514;2016-05-21;[2016-05-21 23:10:00,2016-05-21 23:12:00);11.4
378;4377906280784800514;2016-05-21;[2016-05-21 14:44:00,2016-05-21 14:46:00);50.3
379;4377906288421600514;2016-05-21;[2016-05-21 00:16:00,2016-05-21 00:18:00);25.3
380;4377906280784800514;2016-05-21;[2016-05-21 03:34:00,2016-05-21 03:36:00);51.4
381;3377906287674510514;2016-05-21;[2016-05-21 03:10:00,2016-05-21 03:12:00);13.2
382;4377906285041600514;2016-05-21;[2016-05-21 02:58:00,2016-05-21 03:00:00);2.9
383;4377906280163800514;2016-05-21;[2016-05-21 10:48:00,2016-05-21 10:50:00);70.5
384;4377906286041600514;2016-05-21;[2016-05-21 18:20:00,2016-05-21 18:22:00);8.5
385;4377906284653600514;2016-05-21;[2016-05-21 08:22:00,2016-05-21 08:24:00);13.5
386;4377906289813600514;2016-05-21;[2016-05-21 10:48:00,2016-05-21 10:50:00);13.9
387;4377906283959500514;2016-05-21;[2016-05-21 07:56:00,2016-05-21 07:58:00);14.5
388;4377906280141600514;2016-05-21;[2016-05-21 06:36:00,2016-05-21 06:38:00);4.5
389;4377906285681600514;2016-05-21;[2016-05-21 03:34:00,2016-05-21 03:36:00);2.8
390;3377906280028510514;2016-05-21;[2016-05-21 15:26:00,2016-05-21 15:28:00);10.9
391;4377906281741600514;2016-05-21;[2016-05-21 03:06:00,2016-05-21 03:08:00);10.8
392;4377906287194800514;2016-05-21;[2016-05-21 14:12:00,2016-05-21 14:14:00);24.4
393;4377906288425800514;2016-05-21;[2016-05-21 20:52:00,2016-05-21 20:54:00);9.9
394;4377906288234600514;2016-05-21;[2016-05-21 22:46:00,2016-05-21 22:48:00);35.5
395;4377906284769500514;2016-05-21;[2016-05-21 18:48:00,2016-05-21 18:50:00);0.4
396;4377906286525800514;2016-05-21;[2016-05-21 03:34:00,2016-05-21 03:36:00);4.0
397;4377906289141600514;2016-05-21;[2016-05-21 05:58:00,2016-05-21 06:00:00);13.8
398;4377906289041600514;2016-05-21;[2016-05-21 17:40:00,2016-05-21 17:42:00);43.0
399;4377906289041600514;2016-05-21;[2016-05-21 19:26:00,2016-05-21 19:28:00);65.0
400;4377906280969500514;2016-05-21;[2016-05-21 22:16:00,2016-05-21 22:18:00);5.8
401;4377906280913600514;2016-05-21;[2016-05-21 07:56:00,2016-05-21 07:58:00);6.4
402;4377906280784800514;2016-05-21;[2016-05-21 18:16:00,2016-05-21 18:18:00);52.0
403;4377906280969500514;2016-05-21;[2016-05-21 05:26:00,2016-05-21 05:28:00);3.3
404;9377906283125510514;2016-05-21;[2016-05-21 09:38:00,2016-05-21 09:40:00);19.0
405;4377906288063800514;2016-05-21;[2016-05-21 11:54:00,2016-05-21 11:56:00);35.7
406;9377906285566510514;2016-05-21;[2016-05-21 17:44:00,2016-05-21 17:46:00);16.2
407;9377906284555510514;2016-05-21;[2016-05-21 02:54:00,2016-05-21 02:56:00);2.9
408;4377906288421600514;2016-05-21;[2016-05-21 09:56:00,2016-05-21 09:58:00);19.3
409;3377906287886510514;2016-05-21;[2016-05-21 18:20:00,2016-05-21 18:22:00);112.6
410;4377906285594800514;2016-05-21;[2016-05-21 10:52:00,2016-05-21 10:54:00);3.5
411;4377906286525800514;2016-05-21;[2016-05-21 23:26:00,2016-05-21 23:28:00);2.8
412;4377906280763800514;2016-05-21;[2016-05-21 21:08:00,2016-05-21 21:10:00);15.4
413;4377906285343600514;2016-05-21;[2016-05-21 15:28:00,2016-05-21 15:30:00);47.4
414;4377906281041600514;2016-05-21;[2016-05-21 15:48:00,2016-05-21 15:50:00);5.9
415;4377906286141600514;2016-05-21;[2016-05-21 11:58:00,2016-05-21 12:00:00);4.0
416;9377906282776510514;2016-05-21;[2016-05-21 07:16:00,2016-05-21 07:18:00);1.0
417;9377906281555510514;2016-05-21;[2016-05-21 04:58:00,2016-05-21 05:00:00);4.7
418;3377906282418510514;2016-05-21;[2016-05-21 14:24:00,2016-05-21 14:26:00);5.2
419;4377906287863800514;2016-05-21;[2016-05-21 14:34:00,2016-05-21 14:36:00);9.2
420;4377906287425800514;2016-05-21;[2016-05-21 18:52:00,2016-05-21 18:54:00);12.4
421;4377906289863800514;2016-05-21;[2016-05-21 19:34:00,2016-05-21 19:36:00);20.7
422;4377906286041600514;2016-05-21;[2016-05-21 02:18:00,2016-05-21 02:20:00);13.5
423;4377906288234600514;2016-05-21;[2016-05-21 14:12:00,2016-05-21 14:14:00);35.4
424;4377906289243600514;2016-05-21;[2016-05-21 18:26:00,2016-05-21 18:28:00);1.7
425;4377906280163800514;2016-05-21;[2016-05-21 19:48:00,2016-05-21 19:50:00);58.9
426;3377906283328510514;2016-05-21;[2016-05-21 02:02:00,2016-05-21 02:04:00);4.2
427;4377906281234600514;2016-05-21;[2016-05-21 10:28:00,2016-05-21 10:30:00);2.9
428;4377906281969500514;2016-05-21;[2016-05-21 10:22:00,2016-05-21 10:24:00);1.0
429;3377906281518510514;2016-05-21;[2016-05-21 04:54:00,2016-05-21 04:56:00);1.9
430;3377906289434510514;2016-05-21;[2016-05-21 10:32:00,2016-05-21 10:34:00);1.5
431;4377906282815800514;2016-05-21;[2016-05-21 00:36:00,2016-05-21 00:38:00);10.6
432;4377906281784800514;2016-05-21;[2016-05-21 01:22:00,2016-05-21 01:24:00);9.5
433;4377906287243600514;2016-05-21;[2016-05-21 16:42:00,2016-05-21 16:44:00);12.8
434;4377906280334600514;2016-05-21;[2016-05-21 11:12:00,2016-05-21 11:14:00);29.1
435;4377906283815800514;2016-05-21;[2016-05-21 17:34:00,2016-05-21 17:36:00);27.5
436;4377906280784800514;2016-05-21;[2016-05-21 19:56:00,2016-05-21 19:58:00);41.3
437;4377906286032600514;2016-05-21;[2016-05-21 03:14:00,2016-05-21 03:16:00);24.0
438;4377906281041600514;2016-05-21;[2016-05-21 08:14:00,2016-05-21 08:16:00);8.3
439;4377906283525800514;2016-05-21;[2016-05-21 01:44:00,2016-05-21 01:46:00);65.4
440;4377906285041600514;2016-05-21;[2016-05-21 08:16:00,2016-05-21 08:18:00);2.6
441;3377906281518510514;2016-05-21;[2016-05-21 09:00:00,2016-05-21 09:02:00);3.1
442;4377906289041600514;2016-05-21;[2016-05-21 07:16:00,2016-05-21 07:18:00);26.6
443;4377906285759500514;2016-05-21;[2016-05-21 14:42:00,2016-05-21 14:44:00);34.1
444;4377906284141600514;2016-05-21;[2016-05-21 09:58:00,2016-05-21 10:00:00);7.9
445;4377906285759500514;2016-05-21;[2016-05-21 02:18:00,2016-05-21 02:20:00);17.1
446;4377906289063800514;2016-05-21;[2016-05-21 11:04:00,2016-05-21 11:06:00);31.4
447;4377906286681600514;2016-05-21;[2016-05-21 00:10:00,2016-05-21 00:12:00);1.3
448;9377906288175510514;2016-05-21;[2016-05-21 10:34:00,2016-05-21 10:36:00);15.6
449;4377906287194800514;2016-05-21;[2016-05-21 08:04:00,2016-05-21 08:06:00);21.5
450;4377906288421600514;2016-05-21;[2016-05-21 20:18:00,2016-05-21 20:20:00);24.5
451;4377906283769500514;2016-05-21;[2016-05-21 12:30:00,2016-05-21 12:32:00);1.6
452;4377906288893600514;2016-05-21;[2016-05-21 01:42:00,2016-05-21 01:44:00);13.3
453;4377906281784800514;2016-05-21;[2016-05-21 13:20:00,2016-05-21 13:22:00);10.9
454;4377906285594800514;2016-05-21;[2016-05-21 07:00:00,2016-05-21 07:02:00);3.1
455;3377906289674510514;2016-05-21;[2016-05-21 11:12:00,2016-05-21 11:14:00);5.9
456;4377906288893600514;2016-05-21;[2016-05-21 02:40:00,2016-05-21 02:42:00);12.3
457;4377906282541600514;2016-05-21;[2016-05-21 05:32:00,2016-05-21 05:34:00);38.8
458;9377906288175510514;2016-05-21;[2016-05-21 19:00:00,2016-05-21 19:02:00);9.3
459;4377906286334600514;2016-05-21;[2016-05-21 01:34:00,2016-05-21 01:36:00);6.9
460;4377906285141600514;2016-05-21;[2016-05-21 07:46:00,2016-05-21 07:48:00);2.2
461;4377906287063800514;2016-05-21;[2016-05-21 22:14:00,2016-05-21 22:16:00);20.2
462;4377906287663800514;2016-05-21;[2016-05-21 12:44:00,2016-05-21 12:46:00);95.4
463;3377906289228510514;2016-05-21;[2016-05-21 01:34:00,2016-05-21 01:36:00);3.7
464;4377906284141600514;2016-05-21;[2016-05-21 13:52:00,2016-05-21 13:54:00);5.5
465;4377906280863800514;2016-05-21;[2016-05-21 21:40:00,2016-05-21 21:42:00);75.6
466;9377906289175510514;2016-05-21;[2016-05-21 13:06:00,2016-05-21 13:08:00);3.7
467;4377906280141600514;2016-05-21;[2016-05-21 20:52:00,2016-05-21 20:54:00);12.4
468;4377906281041600514;2016-05-21;[2016-05-21 19:00:00,2016-05-21 19:02:00);6.5
469;9377906281555510514;2016-05-21;[2016-05-21 14:28:00,2016-05-21 14:30:00);5.7
470;4377906280815800514;2016-05-21;[2016-05-21 18:44:00,2016-05-21 18:46:00);112.0
471;3377906285934510514;2016-05-21;[2016-05-21 12:18:00,2016-05-21 12:20:00);61.7
472;4377906287425800514;2016-05-21;[2016-05-21 23:38:00,2016-05-21 23:40:00);15.3
473;4377906284769500514;2016-05-21;[2016-05-21 00:42:00,2016-05-21 00:44:00);1.0
474;4377906287959500514;2016-05-21;[2016-05-21 10:26:00,2016-05-21 10:28:00);196.6
475;4377906284959500514;2016-05-21;[2016-05-21 20:30:00,2016-05-21 20:32:00);4.0
476;4377906282959500514;2016-05-21;[2016-05-21 04:12:00,2016-05-21 04:14:00);3.0
477;4377906285525800514;2016-05-21;[2016-05-21 05:02:00,2016-05-21 05:04:00);4.9
478;4377906283759500514;2016-05-21;[2016-05-21 02:36:00,2016-05-21 02:38:00);4.9
479;4377906283422600514;2016-05-21;[2016-05-21 09:38:00,2016-05-21 09:40:00);2.5
480;4377906288959500514;2016-05-21;[2016-05-21 09:56:00,2016-05-21 09:58:00);19.9
481;4377906289813600514;2016-05-21;[2016-05-21 05:38:00,2016-05-21 05:40:00);1.5
482;3377906282328510514;2016-05-21;[2016-05-21 02:30:00,2016-05-21 02:32:00);3.8
483;4377906284769500514;2016-05-21;[2016-05-21 18:34:00,2016-05-21 18:36:00);6.0
484;4377906285032600514;2016-05-21;[2016-05-21 03:14:00,2016-05-21 03:16:00);23.3
485;3377906281774510514;2016-05-21;[2016-05-21 22:18:00,2016-05-21 22:20:00);8.0
486;9377906281555510514;2016-05-21;[2016-05-21 19:10:00,2016-05-21 19:12:00);8.0
487;4377906285525800514;2016-05-21;[2016-05-21 12:38:00,2016-05-21 12:40:00);5.9
488;4377906288421600514;2016-05-21;[2016-05-21 16:46:00,2016-05-21 16:48:00);36.2
489;4377906288663800514;2016-05-21;[2016-05-21 08:38:00,2016-05-21 08:40:00);3.0
490;9377906288175510514;2016-05-21;[2016-05-21 00:34:00,2016-05-21 00:36:00);11.3
491;3377906286918510514;2016-05-21;[2016-05-21 10:30:00,2016-05-21 10:32:00);10.9
492;4377906287863800514;2016-05-21;[2016-05-21 17:30:00,2016-05-21 17:32:00);19.2
493;4377906283759500514;2016-05-21;[2016-05-21 07:50:00,2016-05-21 07:52:00);5.1
494;4377906289244800514;2016-05-21;[2016-05-21 11:00:00,2016-05-21 11:02:00);13.7
495;4377906280344800514;2016-05-21;[2016-05-21 11:30:00,2016-05-21 11:32:00);3.5
496;9377906289175510514;2016-05-21;[2016-05-21 18:14:00,2016-05-21 18:16:00);4.0
497;4377906287194800514;2016-05-21;[2016-05-21 00:14:00,2016-05-21 00:16:00);37.1
498;4377906286041600514;2016-05-21;[2016-05-21 18:00:00,2016-05-21 18:02:00);7.1
499;4377906284769500514;2016-05-21;[2016-05-21 11:54:00,2016-05-21 11:56:00);1.0
500;4377906285141600514;2016-05-21;[2016-05-21 01:42:00,2016-05-21 01:44:00);2.1
501;3377906281774510514;2016-05-21;[2016-05-21 16:06:00,2016-05-21 16:08:00);10.0
502;3377906284395510514;2016-05-21;[2016-05-21 16:44:00,2016-05-21 16:46:00);12.4
503;3377906284395510514;2016-05-21;[2016-05-21 17:42:00,2016-05-21 17:44:00);4.9
504;4377906284769500514;2016-05-21;[2016-05-21 02:50:00,2016-05-21 02:52:00);0.6
505;4377906287869500514;2016-05-21;[2016-05-21 06:06:00,2016-05-21 06:08:00);22.8
506;4377906281969500514;2016-05-21;[2016-05-21 03:58:00,2016-05-21 04:00:00);1.0
507;4377906280141600514;2016-05-21;[2016-05-21 20:04:00,2016-05-21 20:06:00);8.4
508;4377906281141600514;2016-05-21;[2016-05-21 21:06:00,2016-05-21 21:08:00);17.6
509;3377906285434510514;2016-05-21;[2016-05-21 16:50:00,2016-05-21 16:52:00);1.3
510;4377906284422600514;2016-05-21;[2016-05-21 08:44:00,2016-05-21 08:46:00);16.0
511;4377906286032600514;2016-05-21;[2016-05-21 13:34:00,2016-05-21 13:36:00);37.4
512;4377906280913600514;2016-05-21;[2016-05-21 00:24:00,2016-05-21 00:26:00);4.6
513;4377906289243600514;2016-05-21;[2016-05-21 03:56:00,2016-05-21 03:58:00);2.3
514;4377906287063800514;2016-05-21;[2016-05-21 01:04:00,2016-05-21 01:06:00);16.8
515;4377906280763800514;2016-05-21;[2016-05-21 09:08:00,2016-05-21 09:10:00);18.1
516;4377906287863800514;2016-05-21;[2016-05-21 13:12:00,2016-05-21 13:14:00);10.4
517;4377906289244800514;2016-05-21;[2016-05-21 12:18:00,2016-05-21 12:20:00);8.0
518;4377906280784800514;2016-05-21;[2016-05-21 04:08:00,2016-05-21 04:10:00);27.3
519;4377906285594800514;2016-05-21;[2016-05-21 19:50:00,2016-05-21 19:52:00);3.1
520;9377906282776510514;2016-05-21;[2016-05-21 10:14:00,2016-05-21 10:16:00);1.2
521;3377906287886510514;2016-05-21;[2016-05-21 05:10:00,2016-05-21 05:12:00);31.5
522;3377906289228510514;2016-05-21;[2016-05-21 12:54:00,2016-05-21 12:56:00);9.9
523;3377906282328510514;2016-05-21;[2016-05-21 22:26:00,2016-05-21 22:28:00);6.3
524;3377906283328510514;2016-05-21;[2016-05-21 16:00:00,2016-05-21 16:02:00);15.9
525;4377906282759500514;2016-05-21;[2016-05-21 06:16:00,2016-05-21 06:18:00);6.7
526;4377906282959500514;2016-05-21;[2016-05-21 07:10:00,2016-05-21 07:12:00);7.0
527;4377906288959500514;2016-05-21;[2016-05-21 08:46:00,2016-05-21 08:48:00);18.5
528;4377906283769500514;2016-05-21;[2016-05-21 11:06:00,2016-05-21 11:08:00);3.0
529;4377906289869500514;2016-05-21;[2016-05-21 08:56:00,2016-05-21 08:58:00);6.8
530;4377906281041600514;2016-05-21;[2016-05-21 21:58:00,2016-05-21 22:00:00);5.4
531;4377906286041600514;2016-05-21;[2016-05-21 02:26:00,2016-05-21 02:28:00);4.3
532;4377906281241600514;2016-05-21;[2016-05-21 05:42:00,2016-05-21 05:44:00);9.8
533;4377906289244800514;2016-05-21;[2016-05-21 17:30:00,2016-05-21 17:32:00);8.6
534;4377906289525800514;2016-05-21;[2016-05-21 03:18:00,2016-05-21 03:20:00);2.7
535;9377906283125510514;2016-05-21;[2016-05-21 17:50:00,2016-05-21 17:52:00);20.4
536;9377906289175510514;2016-05-21;[2016-05-21 18:06:00,2016-05-21 18:08:00);5.1
537;4377906288893600514;2016-05-21;[2016-05-21 06:06:00,2016-05-21 06:08:00);5.4
538;4377906288869500514;2016-05-21;[2016-05-21 21:24:00,2016-05-21 21:26:00);17.4
539;4377906286843600514;2016-05-21;[2016-05-21 08:10:00,2016-05-21 08:12:00);19.5
540;9377906285566510514;2016-05-21;[2016-05-21 13:30:00,2016-05-21 13:32:00);21.1
541;9377906282776510514;2016-05-21;[2016-05-21 13:24:00,2016-05-21 13:26:00);1.8
542;4377906287169500514;2016-05-21;[2016-05-21 12:44:00,2016-05-21 12:46:00);15.3
543;4377906282532600514;2016-05-21;[2016-05-21 14:54:00,2016-05-21 14:56:00);3.4
544;4377906289863800514;2016-05-21;[2016-05-21 18:04:00,2016-05-21 18:06:00);10.7
545;4377906282541600514;2016-05-21;[2016-05-21 07:46:00,2016-05-21 07:48:00);35.3
546;4377906281763800514;2016-05-21;[2016-05-21 10:16:00,2016-05-21 10:18:00);6.6
547;3377906282418510514;2016-05-21;[2016-05-21 11:08:00,2016-05-21 11:10:00);6.4
548;4377906284141600514;2016-05-21;[2016-05-21 07:32:00,2016-05-21 07:34:00);4.7
549;4377906289243600514;2016-05-21;[2016-05-21 12:14:00,2016-05-21 12:16:00);2.4
550;3377906287886510514;2016-05-21;[2016-05-21 03:40:00,2016-05-21 03:42:00);19.5
551;4377906288041600514;2016-05-21;[2016-05-21 22:52:00,2016-05-21 22:54:00);11.6
552;4377906280969500514;2016-05-21;[2016-05-21 15:24:00,2016-05-21 15:26:00);2.4
553;4377906287425800514;2016-05-21;[2016-05-21 01:38:00,2016-05-21 01:40:00);15.1
554;4377906287425800514;2016-05-21;[2016-05-21 20:46:00,2016-05-21 20:48:00);14.1
555;4377906289869500514;2016-05-21;[2016-05-21 23:12:00,2016-05-21 23:14:00);5.4
556;4377906280234600514;2016-05-21;[2016-05-21 09:30:00,2016-05-21 09:32:00);1.3
557;4377906286843600514;2016-05-21;[2016-05-21 08:50:00,2016-05-21 08:52:00);39.7
558;9377906283776510514;2016-05-21;[2016-05-21 20:50:00,2016-05-21 20:52:00);12.1
559;4377906280329500514;2016-05-21;[2016-05-21 15:18:00,2016-05-21 15:20:00);51.7
560;4377906284759500514;2016-05-21;[2016-05-21 15:40:00,2016-05-21 15:42:00);2.0
561;4377906288959500514;2016-05-21;[2016-05-21 10:34:00,2016-05-21 10:36:00);20.6
562;4377906287169500514;2016-05-21;[2016-05-21 19:22:00,2016-05-21 19:24:00);38.9
563;4377906289869500514;2016-05-21;[2016-05-21 22:46:00,2016-05-21 22:48:00);10.0
564;4377906280141600514;2016-05-21;[2016-05-21 08:36:00,2016-05-21 08:38:00);8.0
565;4377906282141600514;2016-05-21;[2016-05-21 23:46:00,2016-05-21 23:48:00);9.9
566;4377906285032600514;2016-05-21;[2016-05-21 09:50:00,2016-05-21 09:52:00);35.9
567;4377906287243600514;2016-05-21;[2016-05-21 14:40:00,2016-05-21 14:42:00);33.6
568;4377906282653600514;2016-05-21;[2016-05-21 04:08:00,2016-05-21 04:10:00);17.9
569;4377906288593600514;2016-05-21;[2016-05-21 00:38:00,2016-05-21 00:40:00);36.7
570;4377906286334600514;2016-05-21;[2016-05-21 09:30:00,2016-05-21 09:32:00);5.9
571;4377906281763800514;2016-05-21;[2016-05-21 21:04:00,2016-05-21 21:06:00);4.2
572;4377906281784800514;2016-05-21;[2016-05-21 05:58:00,2016-05-21 06:00:00);7.2
573;4377906288425800514;2016-05-21;[2016-05-21 02:40:00,2016-05-21 02:42:00);12.8
574;4377906285525800514;2016-05-21;[2016-05-21 01:10:00,2016-05-21 01:12:00);10.3
575;3377906285434510514;2016-05-21;[2016-05-21 06:20:00,2016-05-21 06:22:00);0.9
576;4377906286343600514;2016-05-21;[2016-05-21 12:06:00,2016-05-21 12:08:00);17.5
577;3377906285934510514;2016-05-21;[2016-05-21 10:40:00,2016-05-21 10:42:00);12.8
578;9377906285566510514;2016-05-21;[2016-05-21 20:00:00,2016-05-21 20:02:00);16.6
579;3377906289434510514;2016-05-21;[2016-05-21 22:48:00,2016-05-21 22:50:00);0.6
580;9377906288175510514;2016-05-21;[2016-05-21 09:24:00,2016-05-21 09:26:00);8.8
581;4377906288234600514;2016-05-21;[2016-05-21 00:04:00,2016-05-21 00:06:00);20.7
582;4377906288959500514;2016-05-21;[2016-05-21 01:50:00,2016-05-21 01:52:00);8.7
583;4377906281234600514;2016-05-21;[2016-05-21 09:26:00,2016-05-21 09:28:00);2.4
584;4377906288893600514;2016-05-21;[2016-05-21 15:24:00,2016-05-21 15:26:00);44.6
585;4377906280344800514;2016-05-21;[2016-05-21 12:54:00,2016-05-21 12:56:00);2.7
586;4377906280763800514;2016-05-21;[2016-05-21 01:02:00,2016-05-21 01:04:00);16.6
587;9377906285566510514;2016-05-21;[2016-05-21 10:16:00,2016-05-21 10:18:00);17.1
588;4377906280163800514;2016-05-21;[2016-05-21 03:38:00,2016-05-21 03:40:00);23.2
589;4377906280163800514;2016-05-21;[2016-05-21 21:16:00,2016-05-21 21:18:00);64.8
590;4377906287663800514;2016-05-21;[2016-05-21 15:58:00,2016-05-21 16:00:00);106.9
591;4377906280344800514;2016-05-21;[2016-05-21 13:18:00,2016-05-21 13:20:00);2.4
592;4377906287194800514;2016-05-21;[2016-05-21 13:40:00,2016-05-21 13:42:00);18.4
593;4377906287194800514;2016-05-21;[2016-05-21 15:08:00,2016-05-21 15:10:00);35.2
594;4377906287194800514;2016-05-21;[2016-05-21 21:12:00,2016-05-21 21:14:00);19.9
595;4377906288194800514;2016-05-21;[2016-05-21 02:40:00,2016-05-21 02:42:00);8.5
596;4377906280969500514;2016-05-21;[2016-05-21 23:08:00,2016-05-21 23:10:00);2.7
597;4377906284769500514;2016-05-21;[2016-05-21 14:40:00,2016-05-21 14:42:00);0.8
598;4377906284959500514;2016-05-21;[2016-05-21 02:00:00,2016-05-21 02:02:00);4.8
599;4377906286525800514;2016-05-21;[2016-05-21 18:40:00,2016-05-21 18:42:00);4.2
600;3377906282328510514;2016-05-21;[2016-05-21 10:18:00,2016-05-21 10:20:00);5.8
601;9377906283125510514;2016-05-21;[2016-05-21 10:46:00,2016-05-21 10:48:00);32.1
602;4377906284514600514;2016-05-21;[2016-05-21 00:24:00,2016-05-21 00:26:00);7.7
603;4377906282653600514;2016-05-21;[2016-05-21 06:46:00,2016-05-21 06:48:00);8.0
604;4377906285343600514;2016-05-21;[2016-05-21 07:30:00,2016-05-21 07:32:00);7.7
605;4377906289243600514;2016-05-21;[2016-05-21 12:26:00,2016-05-21 12:28:00);2.3
606;9377906283776510514;2016-05-21;[2016-05-21 10:22:00,2016-05-21 10:24:00);11.6
607;3377906287934510514;2016-05-21;[2016-05-21 00:50:00,2016-05-21 00:52:00);5.6
608;3377906289044510514;2016-05-21;[2016-05-21 14:32:00,2016-05-21 14:34:00);8.7
609;4377906284759500514;2016-05-21;[2016-05-21 17:48:00,2016-05-21 17:50:00);5.9
610;4377906281959500514;2016-05-21;[2016-05-21 13:56:00,2016-05-21 13:58:00);13.2
611;4377906284959500514;2016-05-21;[2016-05-21 19:00:00,2016-05-21 19:02:00);3.5
612;4377906283769500514;2016-05-21;[2016-05-21 05:48:00,2016-05-21 05:50:00);1.3
613;4377906287869500514;2016-05-21;[2016-05-21 23:48:00,2016-05-21 23:50:00);25.7
614;4377906281969500514;2016-05-21;[2016-05-21 13:24:00,2016-05-21 13:26:00);1.2
615;4377906288421600514;2016-05-21;[2016-05-21 10:36:00,2016-05-21 10:38:00);33.3
616;4377906281041600514;2016-05-21;[2016-05-21 13:26:00,2016-05-21 13:28:00);8.7
617;4377906284141600514;2016-05-21;[2016-05-21 14:44:00,2016-05-21 14:46:00);9.0
618;4377906281241600514;2016-05-21;[2016-05-21 11:58:00,2016-05-21 12:00:00);36.9
619;4377906286032600514;2016-05-21;[2016-05-21 21:18:00,2016-05-21 21:20:00);44.9
620;4377906288243600514;2016-05-21;[2016-05-21 16:28:00,2016-05-21 16:30:00);20.4
621;4377906286843600514;2016-05-21;[2016-05-21 15:04:00,2016-05-21 15:06:00);22.3
622;4377906287063800514;2016-05-21;[2016-05-21 11:58:00,2016-05-21 12:00:00);20.7
623;4377906280784800514;2016-05-21;[2016-05-21 11:00:00,2016-05-21 11:02:00);58.0
624;4377906284594800514;2016-05-21;[2016-05-21 13:02:00,2016-05-21 13:04:00);304.8
625;4377906288425800514;2016-05-21;[2016-05-21 08:46:00,2016-05-21 08:48:00);14.0
626;4377906283525800514;2016-05-21;[2016-05-21 11:30:00,2016-05-21 11:32:00);85.6
627;4377906283525800514;2016-05-21;[2016-05-21 20:26:00,2016-05-21 20:28:00);73.6
628;4377906286525800514;2016-05-21;[2016-05-21 13:20:00,2016-05-21 13:22:00);3.7
629;4377906289525800514;2016-05-21;[2016-05-21 04:12:00,2016-05-21 04:14:00);1.4
630;9377906281555510514;2016-05-21;[2016-05-21 16:52:00,2016-05-21 16:54:00);5.3
631;3377906289434510514;2016-05-21;[2016-05-21 09:22:00,2016-05-21 09:24:00);1.2
632;4377906286334600514;2016-05-21;[2016-05-21 11:38:00,2016-05-21 11:40:00);11.1
633;4377906288959500514;2016-05-21;[2016-05-21 18:40:00,2016-05-21 18:42:00);28.6
634;4377906284959500514;2016-05-21;[2016-05-21 16:38:00,2016-05-21 16:40:00);3.1
635;4377906283959500514;2016-05-21;[2016-05-21 02:10:00,2016-05-21 02:12:00);7.7
636;4377906287663800514;2016-05-21;[2016-05-21 09:20:00,2016-05-21 09:22:00);39.9
637;4377906289813600514;2016-05-21;[2016-05-21 01:38:00,2016-05-21 01:40:00);2.0
638;4377906289425800514;2016-05-21;[2016-05-21 00:56:00,2016-05-21 00:58:00);17.0
639;3377906289674510514;2016-05-21;[2016-05-21 01:10:00,2016-05-21 01:12:00);7.1
640;3377906282328510514;2016-05-21;[2016-05-21 02:48:00,2016-05-21 02:50:00);3.1
641;4377906287194800514;2016-05-21;[2016-05-21 21:32:00,2016-05-21 21:34:00);39.8
642;4377906280815800514;2016-05-21;[2016-05-21 04:44:00,2016-05-21 04:46:00);21.4
643;3377906282418510514;2016-05-21;[2016-05-21 10:02:00,2016-05-21 10:04:00);5.6
644;4377906286343600514;2016-05-21;[2016-05-21 16:18:00,2016-05-21 16:20:00);73.7
645;4377906281141600514;2016-05-21;[2016-05-21 19:46:00,2016-05-21 19:48:00);16.5
646;3377906286918510514;2016-05-21;[2016-05-21 08:30:00,2016-05-21 08:32:00);3.7
647;4377906288593600514;2016-05-21;[2016-05-21 04:24:00,2016-05-21 04:26:00);9.6
648;4377906289041600514;2016-05-21;[2016-05-21 15:32:00,2016-05-21 15:34:00);36.5
649;9377906284555510514;2016-05-21;[2016-05-21 23:04:00,2016-05-21 23:06:00);1.8
650;3377906281518510514;2016-05-21;[2016-05-21 07:16:00,2016-05-21 07:18:00);2.7
651;4377906280334600514;2016-05-21;[2016-05-21 23:14:00,2016-05-21 23:16:00);13.4
652;3377906284395510514;2016-05-21;[2016-05-21 07:22:00,2016-05-21 07:24:00);6.6
653;4377906286169500514;2016-05-21;[2016-05-21 12:50:00,2016-05-21 12:52:00);22.5
654;3377906280395510514;2016-05-21;[2016-05-21 16:52:00,2016-05-21 16:54:00);22.0
655;4377906289863800514;2016-05-21;[2016-05-21 16:56:00,2016-05-21 16:58:00);19.7
656;4377906282653600514;2016-05-21;[2016-05-21 09:44:00,2016-05-21 09:46:00);11.2
657;4377906280784800514;2016-05-21;[2016-05-21 12:16:00,2016-05-21 12:18:00);67.5
658;4377906289141600514;2016-05-21;[2016-05-21 11:30:00,2016-05-21 11:32:00);4.0
659;4377906285141600514;2016-05-21;[2016-05-21 08:34:00,2016-05-21 08:36:00);1.9
660;4377906284594800514;2016-05-21;[2016-05-21 09:18:00,2016-05-21 09:20:00);24.7
661;3377906289674510514;2016-05-21;[2016-05-21 12:46:00,2016-05-21 12:48:00);8.8
662;4377906280815800514;2016-05-21;[2016-05-21 03:54:00,2016-05-21 03:56:00);20.5
663;4377906281041600514;2016-05-21;[2016-05-21 19:32:00,2016-05-21 19:34:00);9.2
664;9377906283776510514;2016-05-21;[2016-05-21 00:02:00,2016-05-21 00:04:00);15.4
665;4377906282769500514;2016-05-21;[2016-05-21 16:54:00,2016-05-21 16:56:00);14.1
666;4377906282769500514;2016-05-21;[2016-05-21 00:34:00,2016-05-21 00:36:00);7.3
667;3377906287886510514;2016-05-21;[2016-05-21 03:32:00,2016-05-21 03:34:00);19.4
668;4377906282763800514;2016-05-21;[2016-05-21 18:04:00,2016-05-21 18:06:00);33.9
669;4377906282653600514;2016-05-21;[2016-05-21 16:42:00,2016-05-21 16:44:00);10.5
670;4377906287169500514;2016-05-21;[2016-05-21 06:30:00,2016-05-21 06:32:00);24.2
671;4377906287194800514;2016-05-21;[2016-05-21 21:50:00,2016-05-21 21:52:00);59.2
672;4377906282653600514;2016-05-21;[2016-05-21 05:02:00,2016-05-21 05:04:00);8.8
673;4377906283959500514;2016-05-21;[2016-05-21 16:58:00,2016-05-21 17:00:00);61.8
674;3377906287934510514;2016-05-21;[2016-05-21 03:32:00,2016-05-21 03:34:00);2.9
675;3377906281518510514;2016-05-21;[2016-05-21 17:02:00,2016-05-21 17:04:00);4.4
676;3377906286918510514;2016-05-21;[2016-05-21 10:18:00,2016-05-21 10:20:00);7.2
677;4377906280334600514;2016-05-21;[2016-05-21 03:58:00,2016-05-21 04:00:00);21.0
678;4377906286032600514;2016-05-21;[2016-05-21 11:26:00,2016-05-21 11:28:00);42.3
679;4377906282769500514;2016-05-21;[2016-05-21 18:54:00,2016-05-21 18:56:00);10.9
680;4377906282969500514;2016-05-21;[2016-05-21 12:40:00,2016-05-21 12:42:00);10.7
681;4377906280141600514;2016-05-21;[2016-05-21 22:48:00,2016-05-21 22:50:00);8.5
682;4377906280969500514;2016-05-21;[2016-05-21 12:24:00,2016-05-21 12:26:00);3.7
683;9377906281555510514;2016-05-21;[2016-05-21 15:38:00,2016-05-21 15:40:00);7.0
684;4377906280863800514;2016-05-21;[2016-05-21 23:24:00,2016-05-21 23:26:00);87.3
685;4377906287959500514;2016-05-21;[2016-05-21 13:52:00,2016-05-21 13:54:00);34.9
686;4377906287863800514;2016-05-21;[2016-05-21 14:48:00,2016-05-21 14:50:00);19.0
687;4377906286032600514;2016-05-21;[2016-05-21 04:20:00,2016-05-21 04:22:00);39.9
688;4377906287194800514;2016-05-21;[2016-05-21 05:02:00,2016-05-21 05:04:00);17.0
689;4377906288959500514;2016-05-21;[2016-05-21 19:26:00,2016-05-21 19:28:00);9.8
690;9377906285566510514;2016-05-21;[2016-05-21 14:12:00,2016-05-21 14:14:00);24.4
691;4377906288041600514;2016-05-21;[2016-05-21 00:36:00,2016-05-21 00:38:00);11.5
692;4377906282759500514;2016-05-21;[2016-05-21 16:40:00,2016-05-21 16:42:00);6.4
693;4377906280815800514;2016-05-21;[2016-05-21 17:48:00,2016-05-21 17:50:00);224.1
694;3377906283328510514;2016-05-21;[2016-05-21 22:58:00,2016-05-21 23:00:00);6.0
695;4377906285343600514;2016-05-21;[2016-05-21 09:10:00,2016-05-21 09:12:00);11.9
696;4377906287425800514;2016-05-21;[2016-05-21 13:42:00,2016-05-21 13:44:00);12.5
697;4377906282532600514;2016-05-21;[2016-05-21 13:08:00,2016-05-21 13:10:00);3.2
698;4377906281141600514;2016-05-21;[2016-05-21 12:38:00,2016-05-21 12:40:00);79.1
699;4377906289869500514;2016-05-21;[2016-05-21 09:36:00,2016-05-21 09:38:00);8.8
700;4377906288425800514;2016-05-21;[2016-05-21 04:56:00,2016-05-21 04:58:00);10.9
701;4377906284759500514;2016-05-21;[2016-05-21 22:12:00,2016-05-21 22:14:00);2.5
702;4377906288869500514;2016-05-21;[2016-05-21 03:38:00,2016-05-21 03:40:00);19.8
703;4377906287863800514;2016-05-21;[2016-05-21 02:52:00,2016-05-21 02:54:00);8.1
704;3377906283328510514;2016-05-21;[2016-05-21 08:36:00,2016-05-21 08:38:00);4.9
705;4377906283959500514;2016-05-21;[2016-05-21 22:32:00,2016-05-21 22:34:00);25.5
706;3377906282328510514;2016-05-21;[2016-05-21 09:52:00,2016-05-21 09:54:00);5.1
707;4377906280344800514;2016-05-21;[2016-05-21 12:04:00,2016-05-21 12:06:00);2.3
708;4377906287243600514;2016-05-21;[2016-05-21 06:18:00,2016-05-21 06:20:00);4.2
709;4377906280241600514;2016-05-21;[2016-05-21 11:06:00,2016-05-21 11:08:00);16.1
710;4377906285759500514;2016-05-21;[2016-05-21 18:22:00,2016-05-21 18:24:00);37.2
711;4377906286032600514;2016-05-21;[2016-05-21 19:42:00,2016-05-21 19:44:00);32.8
712;4377906284959500514;2016-05-21;[2016-05-21 07:40:00,2016-05-21 07:42:00);2.9
713;4377906286032600514;2016-05-21;[2016-05-21 10:16:00,2016-05-21 10:18:00);30.8
714;4377906280969500514;2016-05-21;[2016-05-21 16:32:00,2016-05-21 16:34:00);3.2
715;3377906280028510514;2016-05-21;[2016-05-21 10:50:00,2016-05-21 10:52:00);10.2
716;9377906285566510514;2016-05-21;[2016-05-21 17:46:00,2016-05-21 17:48:00);18.2
717;4377906289425800514;2016-05-21;[2016-05-21 23:52:00,2016-05-21 23:54:00);18.4
718;4377906285032600514;2016-05-21;[2016-05-21 18:48:00,2016-05-21 18:50:00);42.4
719;4377906284422600514;2016-05-21;[2016-05-21 15:24:00,2016-05-21 15:26:00);10.7
720;4377906284959500514;2016-05-21;[2016-05-21 02:28:00,2016-05-21 02:30:00);4.6
721;4377906286681600514;2016-05-21;[2016-05-21 05:36:00,2016-05-21 05:38:00);1.1
722;4377906286041600514;2016-05-21;[2016-05-21 09:20:00,2016-05-21 09:22:00);13.5
723;4377906286141600514;2016-05-21;[2016-05-21 00:14:00,2016-05-21 00:16:00);10.9
724;4377906286525800514;2016-05-21;[2016-05-21 04:42:00,2016-05-21 04:44:00);4.4
725;4377906289041600514;2016-05-21;[2016-05-21 03:04:00,2016-05-21 03:06:00);28.4
726;4377906289525800514;2016-05-21;[2016-05-21 03:26:00,2016-05-21 03:28:00);4.0
727;3377906284395510514;2016-05-21;[2016-05-21 02:12:00,2016-05-21 02:14:00);5.0
728;4377906282759500514;2016-05-21;[2016-05-21 20:30:00,2016-05-21 20:32:00);9.7
729;4377906284759500514;2016-05-21;[2016-05-21 18:38:00,2016-05-21 18:40:00);2.5
730;4377906282653600514;2016-05-21;[2016-05-21 08:38:00,2016-05-21 08:40:00);10.8
731;4377906280163800514;2016-05-21;[2016-05-21 02:56:00,2016-05-21 02:58:00);29.3
732;9377906288175510514;2016-05-21;[2016-05-21 22:52:00,2016-05-21 22:54:00);9.6
733;9377906286566510514;2016-05-21;[2016-05-21 17:22:00,2016-05-21 17:24:00);43.7
734;4377906285681600514;2016-05-21;[2016-05-21 04:28:00,2016-05-21 04:30:00);2.6
735;4377906289663800514;2016-05-21;[2016-05-21 22:34:00,2016-05-21 22:36:00);5.3
736;4377906281741600514;2016-05-21;[2016-05-21 22:54:00,2016-05-21 22:56:00);11.3
737;4377906280763800514;2016-05-21;[2016-05-21 06:02:00,2016-05-21 06:04:00);11.3
738;4377906281741600514;2016-05-21;[2016-05-21 06:42:00,2016-05-21 06:44:00);12.0
739;4377906282763800514;2016-05-21;[2016-05-21 12:00:00,2016-05-21 12:02:00);36.0
740;4377906287863800514;2016-05-21;[2016-05-21 09:36:00,2016-05-21 09:38:00);15.3
741;4377906288421600514;2016-05-21;[2016-05-21 11:26:00,2016-05-21 11:28:00);86.1
742;4377906281741600514;2016-05-21;[2016-05-21 00:02:00,2016-05-21 00:04:00);20.3
743;4377906284594800514;2016-05-21;[2016-05-21 02:12:00,2016-05-21 02:14:00);45.9
744;4377906284594800514;2016-05-21;[2016-05-21 14:10:00,2016-05-21 14:12:00);283.4
745;4377906281041600514;2016-05-21;[2016-05-21 07:18:00,2016-05-21 07:20:00);7.2
746;4377906282969500514;2016-05-21;[2016-05-21 23:26:00,2016-05-21 23:28:00);6.8
747;4377906281241600514;2016-05-21;[2016-05-21 23:08:00,2016-05-21 23:10:00);9.8
748;4377906285594800514;2016-05-21;[2016-05-21 05:06:00,2016-05-21 05:08:00);3.5
749;4377906288959500514;2016-05-21;[2016-05-21 03:12:00,2016-05-21 03:14:00);7.2
750;4377906280241600514;2016-05-21;[2016-05-21 06:10:00,2016-05-21 06:12:00);23.3
751;4377906288869500514;2016-05-21;[2016-05-21 22:24:00,2016-05-21 22:26:00);108.9
752;4377906287169500514;2016-05-21;[2016-05-21 01:40:00,2016-05-21 01:42:00);52.7
753;4377906288041600514;2016-05-21;[2016-05-21 08:42:00,2016-05-21 08:44:00);14.3
754;4377906284759500514;2016-05-21;[2016-05-21 12:52:00,2016-05-21 12:54:00);1.7
755;4377906283769500514;2016-05-21;[2016-05-21 01:54:00,2016-05-21 01:56:00);1.6
756;4377906288063800514;2016-05-21;[2016-05-21 15:22:00,2016-05-21 15:24:00);36.6
757;4377906283769500514;2016-05-21;[2016-05-21 09:30:00,2016-05-21 09:32:00);2.0
758;3377906287886510514;2016-05-21;[2016-05-21 03:14:00,2016-05-21 03:16:00);31.0
759;3377906281518510514;2016-05-21;[2016-05-21 01:34:00,2016-05-21 01:36:00);3.4
760;4377906281763800514;2016-05-21;[2016-05-21 07:12:00,2016-05-21 07:14:00);3.8
761;4377906285041600514;2016-05-21;[2016-05-21 20:44:00,2016-05-21 20:46:00);3.2
762;3377906280028510514;2016-05-21;[2016-05-21 17:02:00,2016-05-21 17:04:00);6.7
763;4377906284514600514;2016-05-21;[2016-05-21 01:10:00,2016-05-21 01:12:00);11.8
764;4377906286843600514;2016-05-21;[2016-05-21 05:12:00,2016-05-21 05:14:00);59.7
765;4377906283815800514;2016-05-21;[2016-05-21 10:04:00,2016-05-21 10:06:00);3.1
766;4377906286343600514;2016-05-21;[2016-05-21 12:32:00,2016-05-21 12:34:00);74.7
767;4377906284838500514;2016-05-21;[2016-05-21 15:18:00,2016-05-21 15:20:00);16.8
768;4377906289041600514;2016-05-21;[2016-05-21 01:58:00,2016-05-21 02:00:00);81.5
769;4377906285681600514;2016-05-21;[2016-05-21 23:18:00,2016-05-21 23:20:00);22.0
770;4377906288421600514;2016-05-21;[2016-05-21 08:48:00,2016-05-21 08:50:00);32.0
771;4377906288421600514;2016-05-21;[2016-05-21 15:06:00,2016-05-21 15:08:00);86.8
772;4377906282769500514;2016-05-21;[2016-05-21 13:06:00,2016-05-21 13:08:00);17.5
773;4377906282541600514;2016-05-21;[2016-05-21 18:14:00,2016-05-21 18:16:00);63.6
774;4377906280241600514;2016-05-21;[2016-05-21 14:42:00,2016-05-21 14:44:00);24.8
775;4377906283769500514;2016-05-21;[2016-05-21 23:56:00,2016-05-21 23:58:00);2.7
776;3377906289044510514;2016-05-21;[2016-05-21 06:02:00,2016-05-21 06:04:00);5.3
777;4377906287141600514;2016-05-21;[2016-05-21 09:56:00,2016-05-21 09:58:00);6.9
778;4377906280863800514;2016-05-21;[2016-05-21 15:38:00,2016-05-21 15:40:00);9.0
779;3377906287674510514;2016-05-21;[2016-05-21 03:54:00,2016-05-21 03:56:00);4.6
780;4377906280784800514;2016-05-21;[2016-05-21 17:36:00,2016-05-21 17:38:00);85.7
781;4377906283525800514;2016-05-21;[2016-05-21 18:54:00,2016-05-21 18:56:00);81.8
782;9377906289175510514;2016-05-21;[2016-05-21 18:18:00,2016-05-21 18:20:00);4.1
783;4377906288041600514;2016-05-21;[2016-05-21 23:20:00,2016-05-21 23:22:00);12.0
784;4377906280784800514;2016-05-21;[2016-05-21 22:14:00,2016-05-21 22:16:00);25.6
785;4377906280344800514;2016-05-21;[2016-05-21 10:12:00,2016-05-21 10:14:00);4.6
786;4377906287663800514;2016-05-21;[2016-05-21 08:02:00,2016-05-21 08:04:00);17.6
787;4377906286343600514;2016-05-21;[2016-05-21 06:02:00,2016-05-21 06:04:00);13.6
788;4377906280969500514;2016-05-21;[2016-05-21 00:10:00,2016-05-21 00:12:00);2.0
789;4377906281234600514;2016-05-21;[2016-05-21 07:08:00,2016-05-21 07:10:00);1.3
790;3377906289674510514;2016-05-21;[2016-05-21 22:32:00,2016-05-21 22:34:00);4.1
791;4377906289663800514;2016-05-21;[2016-05-21 02:14:00,2016-05-21 02:16:00);5.6
792;4377906280913600514;2016-05-21;[2016-05-21 06:52:00,2016-05-21 06:54:00);4.6
793;4377906280969500514;2016-05-21;[2016-05-21 05:22:00,2016-05-21 05:24:00);3.3
794;3377906282418510514;2016-05-21;[2016-05-21 21:02:00,2016-05-21 21:04:00);4.7
795;4377906284141600514;2016-05-21;[2016-05-21 08:36:00,2016-05-21 08:38:00);6.6
796;4377906285681600514;2016-05-21;[2016-05-21 10:44:00,2016-05-21 10:46:00);7.2
797;4377906287169500514;2016-05-21;[2016-05-21 00:12:00,2016-05-21 00:14:00);72.7
798;3377906289044510514;2016-05-21;[2016-05-21 21:10:00,2016-05-21 21:12:00);7.5
799;3377906282328510514;2016-05-21;[2016-05-21 00:06:00,2016-05-21 00:08:00);5.7
800;4377906285681600514;2016-05-21;[2016-05-21 07:26:00,2016-05-21 07:28:00);3.6
801;4377906281741600514;2016-05-21;[2016-05-21 03:16:00,2016-05-21 03:18:00);10.0
802;4377906288425800514;2016-05-21;[2016-05-21 23:08:00,2016-05-21 23:10:00);15.1
803;4377906282959500514;2016-05-21;[2016-05-21 04:14:00,2016-05-21 04:16:00);3.0
804;3377906285434510514;2016-05-21;[2016-05-21 13:10:00,2016-05-21 13:12:00);1.4
805;4377906285041600514;2016-05-21;[2016-05-21 12:00:00,2016-05-21 12:02:00);5.9
806;4377906288421600514;2016-05-21;[2016-05-21 09:58:00,2016-05-21 10:00:00);21.3
807;3377906280028510514;2016-05-21;[2016-05-21 01:10:00,2016-05-21 01:12:00);4.2
808;4377906287869500514;2016-05-21;[2016-05-21 19:14:00,2016-05-21 19:16:00);14.8
809;3377906287934510514;2016-05-21;[2016-05-21 18:00:00,2016-05-21 18:02:00);8.1
810;4377906284769500514;2016-05-21;[2016-05-21 16:16:00,2016-05-21 16:18:00);3.0
811;4377906287169500514;2016-05-21;[2016-05-21 14:48:00,2016-05-21 14:50:00);26.1
812;4377906289244800514;2016-05-21;[2016-05-21 18:40:00,2016-05-21 18:42:00);8.2
813;4377906282815800514;2016-05-21;[2016-05-21 17:16:00,2016-05-21 17:18:00);16.9
814;4377906282959500514;2016-05-21;[2016-05-21 15:28:00,2016-05-21 15:30:00);31.5
815;4377906289813600514;2016-05-21;[2016-05-21 17:40:00,2016-05-21 17:42:00);1.6
816;4377906282759500514;2016-05-21;[2016-05-21 06:54:00,2016-05-21 06:56:00);16.2
817;4377906282759500514;2016-05-21;[2016-05-21 09:22:00,2016-05-21 09:24:00);9.0
818;4377906287869500514;2016-05-21;[2016-05-21 17:14:00,2016-05-21 17:16:00);28.5
819;4377906281969500514;2016-05-21;[2016-05-21 19:58:00,2016-05-21 20:00:00);1.0
820;4377906282141600514;2016-05-21;[2016-05-21 10:08:00,2016-05-21 10:10:00);4.4
821;4377906285141600514;2016-05-21;[2016-05-21 00:08:00,2016-05-21 00:10:00);4.0
822;4377906289141600514;2016-05-21;[2016-05-21 02:36:00,2016-05-21 02:38:00);4.6
823;4377906286681600514;2016-05-21;[2016-05-21 05:52:00,2016-05-21 05:54:00);1.0
824;3377906285434510514;2016-05-21;[2016-05-21 18:58:00,2016-05-21 19:00:00);1.3
825;4377906286343600514;2016-05-21;[2016-05-21 05:20:00,2016-05-21 05:22:00);7.7
826;4377906286843600514;2016-05-21;[2016-05-21 03:58:00,2016-05-21 04:00:00);14.2
827;4377906286843600514;2016-05-21;[2016-05-21 11:40:00,2016-05-21 11:42:00);40.7
828;4377906280163800514;2016-05-21;[2016-05-21 17:40:00,2016-05-21 17:42:00);336.7
829;4377906288663800514;2016-05-21;[2016-05-21 18:16:00,2016-05-21 18:18:00);4.6
830;4377906289863800514;2016-05-21;[2016-05-21 09:26:00,2016-05-21 09:28:00);29.0
831;4377906289244800514;2016-05-21;[2016-05-21 05:08:00,2016-05-21 05:10:00);5.5
832;4377906282815800514;2016-05-21;[2016-05-21 17:10:00,2016-05-21 17:12:00);12.0
833;4377906283815800514;2016-05-21;[2016-05-21 04:06:00,2016-05-21 04:08:00);1.6
834;4377906288425800514;2016-05-21;[2016-05-21 16:38:00,2016-05-21 16:40:00);15.9
835;4377906283525800514;2016-05-21;[2016-05-21 08:04:00,2016-05-21 08:06:00);87.1
836;4377906284525800514;2016-05-21;[2016-05-21 21:26:00,2016-05-21 21:28:00);157.9
837;9377906288175510514;2016-05-21;[2016-05-21 07:44:00,2016-05-21 07:46:00);6.6
838;4377906280344800514;2016-05-21;[2016-05-21 00:26:00,2016-05-21 00:28:00);2.5
839;3377906289674510514;2016-05-21;[2016-05-21 20:04:00,2016-05-21 20:06:00);6.0
840;3377906288228510514;2016-05-21;[2016-05-21 17:24:00,2016-05-21 17:26:00);4.5
841;4377906284959500514;2016-05-21;[2016-05-21 07:58:00,2016-05-21 08:00:00);4.0
842;4377906284959500514;2016-05-21;[2016-05-21 19:58:00,2016-05-21 20:00:00);2.1
843;4377906280163800514;2016-05-21;[2016-05-21 21:48:00,2016-05-21 21:50:00);62.5
844;4377906282815800514;2016-05-21;[2016-05-21 10:06:00,2016-05-21 10:08:00);6.6
845;3377906281774510514;2016-05-21;[2016-05-21 22:40:00,2016-05-21 22:42:00);6.7
846;4377906288425800514;2016-05-21;[2016-05-21 05:36:00,2016-05-21 05:38:00);7.3
847;4377906284525800514;2016-05-21;[2016-05-21 11:42:00,2016-05-21 11:44:00);180.4
848;4377906284525800514;2016-05-21;[2016-05-21 19:30:00,2016-05-21 19:32:00);121.8
849;4377906284422600514;2016-05-21;[2016-05-21 11:08:00,2016-05-21 11:10:00);9.8
850;4377906283422600514;2016-05-21;[2016-05-21 13:56:00,2016-05-21 13:58:00);1.9
851;3377906289044510514;2016-05-21;[2016-05-21 15:28:00,2016-05-21 15:30:00);8.4
852;4377906288893600514;2016-05-21;[2016-05-21 04:06:00,2016-05-21 04:08:00);8.4
853;4377906286681600514;2016-05-21;[2016-05-21 20:12:00,2016-05-21 20:14:00);1.0
854;3377906287886510514;2016-05-21;[2016-05-21 05:26:00,2016-05-21 05:28:00);33.0
855;4377906285759500514;2016-05-21;[2016-05-21 22:54:00,2016-05-21 22:56:00);47.8
856;3377906283328510514;2016-05-21;[2016-05-21 13:10:00,2016-05-21 13:12:00);13.9
857;4377906283769500514;2016-05-21;[2016-05-21 21:24:00,2016-05-21 21:26:00);3.5
858;4377906287959500514;2016-05-21;[2016-05-21 07:18:00,2016-05-21 07:20:00);24.5
859;4377906289244800514;2016-05-21;[2016-05-21 08:08:00,2016-05-21 08:10:00);7.6
860;9377906283776510514;2016-05-21;[2016-05-21 20:16:00,2016-05-21 20:18:00);12.2
861;9377906288175510514;2016-05-21;[2016-05-21 07:16:00,2016-05-21 07:18:00);9.2
862;4377906289863800514;2016-05-21;[2016-05-21 04:40:00,2016-05-21 04:42:00);6.8
863;4377906282763800514;2016-05-21;[2016-05-21 12:46:00,2016-05-21 12:48:00);26.8
864;3377906289434510514;2016-05-21;[2016-05-21 21:24:00,2016-05-21 21:26:00);0.7
865;4377906287663800514;2016-05-21;[2016-05-21 23:14:00,2016-05-21 23:16:00);24.4
866;4377906280334600514;2016-05-21;[2016-05-21 15:06:00,2016-05-21 15:08:00);18.8
867;4377906284525800514;2016-05-21;[2016-05-21 19:44:00,2016-05-21 19:46:00);145.7
868;4377906282653600514;2016-05-21;[2016-05-21 17:34:00,2016-05-21 17:36:00);11.0
869;4377906285343600514;2016-05-21;[2016-05-21 17:50:00,2016-05-21 17:52:00);61.9
870;4377906289813600514;2016-05-21;[2016-05-21 19:30:00,2016-05-21 19:32:00);8.4
871;4377906281741600514;2016-05-21;[2016-05-21 07:42:00,2016-05-21 07:44:00);22.9
872;4377906282541600514;2016-05-21;[2016-05-21 15:26:00,2016-05-21 15:28:00);100.2
873;4377906282141600514;2016-05-21;[2016-05-21 10:56:00,2016-05-21 10:58:00);5.0
874;4377906280141600514;2016-05-21;[2016-05-21 15:00:00,2016-05-21 15:02:00);63.9
875;4377906285041600514;2016-05-21;[2016-05-21 13:58:00,2016-05-21 14:00:00);3.0
876;4377906287169500514;2016-05-21;[2016-05-21 20:44:00,2016-05-21 20:46:00);32.4
877;4377906287169500514;2016-05-21;[2016-05-21 13:00:00,2016-05-21 13:02:00);27.1
878;9377906281555510514;2016-05-21;[2016-05-21 18:42:00,2016-05-21 18:44:00);5.6
879;4377906280329500514;2016-05-21;[2016-05-21 00:54:00,2016-05-21 00:56:00);33.1
880;4377906288738500514;2016-05-21;[2016-05-21 01:18:00,2016-05-21 01:20:00);6.5
881;3377906286918510514;2016-05-21;[2016-05-21 09:16:00,2016-05-21 09:18:00);13.1
882;3377906285434510514;2016-05-21;[2016-05-21 15:42:00,2016-05-21 15:44:00);3.2
883;3377906287886510514;2016-05-21;[2016-05-21 00:54:00,2016-05-21 00:56:00);34.7
884;3377906289044510514;2016-05-21;[2016-05-21 04:28:00,2016-05-21 04:30:00);4.0
885;4377906288194800514;2016-05-21;[2016-05-21 13:48:00,2016-05-21 13:50:00);11.8
886;4377906287863800514;2016-05-21;[2016-05-21 06:44:00,2016-05-21 06:46:00);8.1
887;4377906282532600514;2016-05-21;[2016-05-21 00:12:00,2016-05-21 00:14:00);2.6
888;4377906289663800514;2016-05-21;[2016-05-21 22:02:00,2016-05-21 22:04:00);7.9
889;4377906288959500514;2016-05-21;[2016-05-21 19:14:00,2016-05-21 19:16:00);8.9
890;4377906286141600514;2016-05-21;[2016-05-21 04:00:00,2016-05-21 04:02:00);1.1
891;3377906285434510514;2016-05-21;[2016-05-21 04:50:00,2016-05-21 04:52:00);1.1
892;4377906280141600514;2016-05-21;[2016-05-21 07:16:00,2016-05-21 07:18:00);7.3
893;3377906283328510514;2016-05-21;[2016-05-21 01:28:00,2016-05-21 01:30:00);6.3
894;4377906289863800514;2016-05-21;[2016-05-21 08:52:00,2016-05-21 08:54:00);29.1
895;4377906289863800514;2016-05-21;[2016-05-21 15:34:00,2016-05-21 15:36:00);12.0
896;4377906280784800514;2016-05-21;[2016-05-21 23:56:00,2016-05-21 23:58:00);38.2
897;4377906282141600514;2016-05-21;[2016-05-21 23:24:00,2016-05-21 23:26:00);5.7
898;9377906289175510514;2016-05-21;[2016-05-21 22:52:00,2016-05-21 22:54:00);3.5
899;4377906285594800514;2016-05-21;[2016-05-21 20:22:00,2016-05-21 20:24:00);6.3
900;4377906287425800514;2016-05-21;[2016-05-21 00:02:00,2016-05-21 00:04:00);15.2
901;4377906289813600514;2016-05-21;[2016-05-21 18:40:00,2016-05-21 18:42:00);3.2
902;4377906280913600514;2016-05-21;[2016-05-21 20:12:00,2016-05-21 20:14:00);3.8
903;4377906287243600514;2016-05-21;[2016-05-21 23:12:00,2016-05-21 23:14:00);14.8
904;4377906280815800514;2016-05-21;[2016-05-21 14:02:00,2016-05-21 14:04:00);72.2
905;4377906289243600514;2016-05-21;[2016-05-21 18:08:00,2016-05-21 18:10:00);2.3
906;3377906281518510514;2016-05-21;[2016-05-21 23:40:00,2016-05-21 23:42:00);3.6
907;4377906280334600514;2016-05-21;[2016-05-21 09:32:00,2016-05-21 09:34:00);20.1
908;9377906281555510514;2016-05-21;[2016-05-21 15:00:00,2016-05-21 15:02:00);5.1
909;4377906285141600514;2016-05-21;[2016-05-21 04:40:00,2016-05-21 04:42:00);1.5
910;4377906280163800514;2016-05-21;[2016-05-21 05:30:00,2016-05-21 05:32:00);74.0
911;3377906289434510514;2016-05-21;[2016-05-21 04:52:00,2016-05-21 04:54:00);0.6
912;4377906285594800514;2016-05-21;[2016-05-21 13:26:00,2016-05-21 13:28:00);16.8
913;4377906283815800514;2016-05-21;[2016-05-21 21:04:00,2016-05-21 21:06:00);4.3
914;4377906288663800514;2016-05-21;[2016-05-21 03:56:00,2016-05-21 03:58:00);2.1
915;4377906287663800514;2016-05-21;[2016-05-21 00:04:00,2016-05-21 00:06:00);21.6
916;4377906287063800514;2016-05-21;[2016-05-21 18:24:00,2016-05-21 18:26:00);23.7
917;4377906280334600514;2016-05-21;[2016-05-21 09:38:00,2016-05-21 09:40:00);19.0
918;4377906283525800514;2016-05-21;[2016-05-21 05:22:00,2016-05-21 05:24:00);78.7
919;4377906280234600514;2016-05-21;[2016-05-21 06:18:00,2016-05-21 06:20:00);1.2
920;4377906282653600514;2016-05-21;[2016-05-21 02:56:00,2016-05-21 02:58:00);9.0
921;4377906289243600514;2016-05-21;[2016-05-21 23:36:00,2016-05-21 23:38:00);1.8
922;4377906288243600514;2016-05-21;[2016-05-21 15:50:00,2016-05-21 15:52:00);5.2
923;4377906287243600514;2016-05-21;[2016-05-21 05:10:00,2016-05-21 05:12:00);4.6
924;9377906288175510514;2016-05-21;[2016-05-21 00:48:00,2016-05-21 00:50:00);9.0
925;3377906289434510514;2016-05-21;[2016-05-21 02:50:00,2016-05-21 02:52:00);1.5
926;9377906289175510514;2016-05-21;[2016-05-21 14:00:00,2016-05-21 14:02:00);5.1
927;4377906284422600514;2016-05-21;[2016-05-21 01:44:00,2016-05-21 01:46:00);8.0
928;4377906283422600514;2016-05-21;[2016-05-21 06:36:00,2016-05-21 06:38:00);1.9
929;4377906286681600514;2016-05-21;[2016-05-21 23:54:00,2016-05-21 23:56:00);1.1
930;4377906286681600514;2016-05-21;[2016-05-21 07:18:00,2016-05-21 07:20:00);1.2
931;4377906283769500514;2016-05-21;[2016-05-21 09:58:00,2016-05-21 10:00:00);2.0
932;4377906284959500514;2016-05-21;[2016-05-21 10:00:00,2016-05-21 10:02:00);4.3
933;3377906289674510514;2016-05-21;[2016-05-21 21:10:00,2016-05-21 21:12:00);4.6
934;9377906282776510514;2016-05-21;[2016-05-21 07:32:00,2016-05-21 07:34:00);1.7
935;4377906280815800514;2016-05-21;[2016-05-21 05:36:00,2016-05-21 05:38:00);17.2
936;4377906287169500514;2016-05-21;[2016-05-21 17:08:00,2016-05-21 17:10:00);39.3
937;4377906284594800514;2016-05-21;[2016-05-21 15:50:00,2016-05-21 15:52:00);440.2
938;4377906287169500514;2016-05-21;[2016-05-21 11:26:00,2016-05-21 11:28:00);32.4
939;4377906286681600514;2016-05-21;[2016-05-21 04:04:00,2016-05-21 04:06:00);1.0
940;3377906280395510514;2016-05-21;[2016-05-21 19:52:00,2016-05-21 19:54:00);22.4
941;4377906288738500514;2016-05-21;[2016-05-21 23:20:00,2016-05-21 23:22:00);6.5
942;4377906289425800514;2016-05-21;[2016-05-21 00:52:00,2016-05-21 00:54:00);23.7
943;4377906289813600514;2016-05-21;[2016-05-21 21:42:00,2016-05-21 21:44:00);1.9
944;3377906284028510514;2016-05-21;[2016-05-21 19:34:00,2016-05-21 19:36:00);22.2
945;4377906282653600514;2016-05-21;[2016-05-21 15:38:00,2016-05-21 15:40:00);10.6
946;4377906284769500514;2016-05-21;[2016-05-21 11:24:00,2016-05-21 11:26:00);2.0
947;4377906289869500514;2016-05-21;[2016-05-21 15:00:00,2016-05-21 15:02:00);7.3
948;4377906289525800514;2016-05-21;[2016-05-21 19:00:00,2016-05-21 19:02:00);2.4
949;4377906283141600514;2016-05-21;[2016-05-21 03:02:00,2016-05-21 03:04:00);3.3
950;4377906283141600514;2016-05-21;[2016-05-21 15:12:00,2016-05-21 15:14:00);3.6
951;4377906287141600514;2016-05-21;[2016-05-21 19:00:00,2016-05-21 19:02:00);9.5
952;3377906283328510514;2016-05-21;[2016-05-21 18:38:00,2016-05-21 18:40:00);15.0
953;4377906284422600514;2016-05-21;[2016-05-21 11:22:00,2016-05-21 11:24:00);6.0
954;4377906284514600514;2016-05-21;[2016-05-21 15:10:00,2016-05-21 15:12:00);68.5
955;4377906281234600514;2016-05-21;[2016-05-21 02:02:00,2016-05-21 02:04:00);1.2
956;3377906281518510514;2016-05-21;[2016-05-21 22:56:00,2016-05-21 22:58:00);4.2
957;4377906289663800514;2016-05-21;[2016-05-21 13:12:00,2016-05-21 13:14:00);20.6
958;3377906282418510514;2016-05-21;[2016-05-21 23:52:00,2016-05-21 23:54:00);5.1
959;3377906284395510514;2016-05-21;[2016-05-21 12:54:00,2016-05-21 12:56:00);11.2
960;3377906289674510514;2016-05-21;[2016-05-21 06:10:00,2016-05-21 06:12:00);5.0
961;4377906288425800514;2016-05-21;[2016-05-21 03:18:00,2016-05-21 03:20:00);5.8
962;4377906285759500514;2016-05-21;[2016-05-21 15:24:00,2016-05-21 15:26:00);78.7
963;4377906285525800514;2016-05-21;[2016-05-21 04:54:00,2016-05-21 04:56:00);4.0
964;4377906283759500514;2016-05-21;[2016-05-21 12:40:00,2016-05-21 12:42:00);8.1
965;4377906282759500514;2016-05-21;[2016-05-21 11:32:00,2016-05-21 11:34:00);10.7
966;4377906280329500514;2016-05-21;[2016-05-21 08:54:00,2016-05-21 08:56:00);53.1
967;4377906289525800514;2016-05-21;[2016-05-21 11:34:00,2016-05-21 11:36:00);2.3
968;4377906280969500514;2016-05-21;[2016-05-21 21:56:00,2016-05-21 21:58:00);2.7
969;4377906286843600514;2016-05-21;[2016-05-21 19:14:00,2016-05-21 19:16:00);19.1
970;3377906284395510514;2016-05-21;[2016-05-21 00:54:00,2016-05-21 00:56:00);6.1
971;4377906285759500514;2016-05-21;[2016-05-21 04:26:00,2016-05-21 04:28:00);16.6
972;4377906289244800514;2016-05-21;[2016-05-21 08:36:00,2016-05-21 08:38:00);7.6
973;4377906288738500514;2016-05-21;[2016-05-21 11:28:00,2016-05-21 11:30:00);6.4
974;3377906287674510514;2016-05-21;[2016-05-21 12:48:00,2016-05-21 12:50:00);59.4
975;4377906286681600514;2016-05-21;[2016-05-21 20:30:00,2016-05-21 20:32:00);1.1
976;3377906285934510514;2016-05-21;[2016-05-21 08:14:00,2016-05-21 08:16:00);38.6
977;4377906288194800514;2016-05-21;[2016-05-21 10:48:00,2016-05-21 10:50:00);19.5
978;4377906288893600514;2016-05-21;[2016-05-21 21:44:00,2016-05-21 21:46:00);54.6
979;4377906285041600514;2016-05-21;[2016-05-21 02:04:00,2016-05-21 02:06:00);4.0
980;4377906280334600514;2016-05-21;[2016-05-21 03:56:00,2016-05-21 03:58:00);18.3
981;4377906286525800514;2016-05-21;[2016-05-21 10:58:00,2016-05-21 11:00:00);3.4
982;4377906282653600514;2016-05-21;[2016-05-21 10:00:00,2016-05-21 10:02:00);10.5
983;9377906282776510514;2016-05-21;[2016-05-21 18:44:00,2016-05-21 18:46:00);1.7
984;4377906280234600514;2016-05-21;[2016-05-21 20:52:00,2016-05-21 20:54:00);1.6
985;4377906281969500514;2016-05-21;[2016-05-21 20:36:00,2016-05-21 20:38:00);1.0
986;9377906288175510514;2016-05-21;[2016-05-21 11:20:00,2016-05-21 11:22:00);18.2
987;4377906280163800514;2016-05-21;[2016-05-21 19:54:00,2016-05-21 19:56:00);41.3
988;4377906289663800514;2016-05-21;[2016-05-21 12:50:00,2016-05-21 12:52:00);43.3
989;4377906287243600514;2016-05-21;[2016-05-21 05:24:00,2016-05-21 05:26:00);12.3
990;4377906289041600514;2016-05-21;[2016-05-21 08:40:00,2016-05-21 08:42:00);29.5
991;4377906280344800514;2016-05-21;[2016-05-21 19:26:00,2016-05-21 19:28:00);1.9
992;3377906289044510514;2016-05-21;[2016-05-21 03:10:00,2016-05-21 03:12:00);6.4
993;4377906282759500514;2016-05-21;[2016-05-21 15:02:00,2016-05-21 15:04:00);12.4
994;4377906285681600514;2016-05-21;[2016-05-21 14:54:00,2016-05-21 14:56:00);8.2
995;9377906283125510514;2016-05-21;[2016-05-21 21:04:00,2016-05-21 21:06:00);38.7
996;4377906285594800514;2016-05-21;[2016-05-21 22:36:00,2016-05-21 22:38:00);4.7
997;4377906286169500514;2016-05-21;[2016-05-21 14:26:00,2016-05-21 14:28:00);11.3
998;4377906283815800514;2016-05-21;[2016-05-21 18:18:00,2016-05-21 18:20:00);4.2
999;4377906283759500514;2016-05-21;[2016-05-21 00:42:00,2016-05-21 00:44:00);7.5
